fid,c_bien_id,d_bien_den,d_bien_exp,f_bien_pro,c_categ_ad,d_categ_ad,l_url_pweb
364764,9618,CATEDRAL VIEJA DE SANTA MARIA,PROCEDIMIENTO DE DECLARACIÓN - ENTORNO DE PROTECCIÓN-DECLARADO 22/04/1999,"""1999-04-22T00:00:00.000Z""",933,MONUMENTO,https://servicios.jcyl.es/pweb/datosGIS.do?tipo=inmueble&numero=9618
364765,11947,PARTE HISTORICA DEL SEMINARIO DIOCESANO,PROCEDIMIENTO DE DECLARACIÓN - ENTORNO DE PROTECCIÓN-DECLARADO 02/07/2009,"""2009-07-02T00:00:00.000Z""",933,MONUMENTO,https://servicios.jcyl.es/pweb/datosGIS.do?tipo=inmueble&numero=11947
364766,1056,"YACIMIENTO ""PARED DE LOS MOROS""",PROCEDIMIENTO DE DECLARACIÓN - BIC-DECLARADO 03/04/1996,"""1996-04-03T00:00:00.000Z""",937,ZONA ARQUEOLÓGICA,https://servicios.jcyl.es/pweb/datosGIS.do?tipo=inmueble&numero=1056
364767,1106,LA VILLA,PROCEDIMIENTO DE DECLARACIÓN - BIC-INCOADO 19/12/1977,"""1977-12-19T00:00:00.000Z""",931,CONJUNTO HISTÓRICO,https://servicios.jcyl.es/pweb/datosGIS.do?tipo=inmueble&numero=1106
364768,1748,MONASTERIO DE SANTA MARIA LA REAL DE HUELGAS,PROCEDIMIENTO DE DECLARACIÓN - ENTORNO DE PROTECCIÓN-DECLARADO 17/12/1999,"""1999-12-17T00:00:00.000Z""",933,MONUMENTO,https://servicios.jcyl.es/pweb/datosGIS.do?tipo=inmueble&numero=1748
364769,1576,IGLESIA Y CONVENTO DE SANTA CLARA,PROCEDIMIENTO DE DECLARACIÓN - BIC-DECLARADO 03/06/1931,"""1931-06-03T00:00:00.000Z""",933,MONUMENTO,https://servicios.jcyl.es/pweb/datosGIS.do?tipo=inmueble&numero=1576
364770,2893,LA VILLA,PROCEDIMIENTO DE DECLARACIÓN - BIC-DECLARADO 18/02/1999,"""1999-02-18T00:00:00.000Z""",931,CONJUNTO HISTÓRICO,https://servicios.jcyl.es/pweb/datosGIS.do?tipo=inmueble&numero=2893
364771,3030,LA VILLA,PROCEDIMIENTO DE DECLARACIÓN - BIC-DECLARADO 25/04/1974,"""1974-04-25T00:00:00.000Z""",931,CONJUNTO HISTÓRICO,https://servicios.jcyl.es/pweb/datosGIS.do?tipo=inmueble&numero=3030
364772,4776,LA VILLA,PROCEDIMIENTO DE DECLARACIÓN - BIC-DECLARADO 22/11/2007,"""2007-11-22T00:00:00.000Z""",931,CONJUNTO HISTÓRICO,https://servicios.jcyl.es/pweb/datosGIS.do?tipo=inmueble&numero=4776
364773,3165,YACIMIENTO DE CUYACABRAS,PROCEDIMIENTO DE DECLARACIÓN - BIC-DECLARADO 25/08/2011,"""2011-08-25T00:00:00.000Z""",937,ZONA ARQUEOLÓGICA,https://servicios.jcyl.es/pweb/datosGIS.do?tipo=inmueble&numero=3165
364774,17331,IGLESIA DE SAN ISIDORO,PROCEDIMIENTO DE DECLARACIÓN - BIC-DECLARADO 26/09/2013,"""2013-09-26T00:00:00.000Z""",933,MONUMENTO,https://servicios.jcyl.es/pweb/datosGIS.do?tipo=inmueble&numero=17331
364775,16661,"DOLMENES ""SAN ADRIAN"" Y ""LAS PEÑEZUELAS""",PROCEDIMIENTO DE DECLARACIÓN - BIC-DECLARADO 24/11/1994,"""1994-11-24T00:00:00.000Z""",937,ZONA ARQUEOLÓGICA,https://servicios.jcyl.es/pweb/datosGIS.do?tipo=inmueble&numero=16661
364776,3767,LA VILLA,PROCEDIMIENTO DE DECLARACIÓN - BIC-DECLARADO 29/12/1994,"""1994-12-29T00:00:00.000Z""",931,CONJUNTO HISTÓRICO,https://servicios.jcyl.es/pweb/datosGIS.do?tipo=inmueble&numero=3767
364777,5112,LA VILLA,PROCEDIMIENTO DE DECLARACIÓN - BIC-DECLARADO 02/09/2021,"""2021-09-02T00:00:00.000Z""",931,CONJUNTO HISTÓRICO,https://servicios.jcyl.es/pweb/datosGIS.do?tipo=inmueble&numero=5112
364778,6092,LA VILLA,PROCEDIMIENTO DE DECLARACIÓN - BIC-DECLARADO 20/01/1966,"""1966-01-20T00:00:00.000Z""",931,CONJUNTO HISTÓRICO,https://servicios.jcyl.es/pweb/datosGIS.do?tipo=inmueble&numero=6092
364779,7101,LA HUELGA,PROCEDIMIENTO DE DECLARACIÓN - BIC-DECLARADO 18/11/1993,"""1993-11-18T00:00:00.000Z""",937,ZONA ARQUEOLÓGICA,https://servicios.jcyl.es/pweb/datosGIS.do?tipo=inmueble&numero=7101
364780,5381,LA PLAZA CERRADA Y LOS RESTOS DEL ALTO HORNO,PROCEDIMIENTO DE DECLARACIÓN - BIC-DECLARADO 26/12/1991,"""1991-12-26T00:00:00.000Z""",933,MONUMENTO,https://servicios.jcyl.es/pweb/datosGIS.do?tipo=inmueble&numero=5381
364781,5444,RIOLAGO DE BABIA (PLAZA Y SU ENTORNO),PROCEDIMIENTO DE DECLARACIÓN - BIC-DECLARADO 05/10/1995,"""1995-10-05T00:00:00.000Z""",931,CONJUNTO HISTÓRICO,https://servicios.jcyl.es/pweb/datosGIS.do?tipo=inmueble&numero=5444
364782,13256,YACIMIENTOS DE AMBRONA Y TORRALBA,PROCEDIMIENTO DE DECLARACIÓN - BIC-DECLARADO 07/09/1995,"""1995-09-07T00:00:00.000Z""",937,ZONA ARQUEOLÓGICA,https://servicios.jcyl.es/pweb/datosGIS.do?tipo=inmueble&numero=13256
364783,12731,ATALAYA DEL SUR DEL BURGO,PROCEDIMIENTO DE DECLARACIÓN - BIC-DECLARADO 09/01/2014,"""2014-01-09T00:00:00.000Z""",933,MONUMENTO,https://servicios.jcyl.es/pweb/datosGIS.do?tipo=inmueble&numero=12731
364784,4302,PALACIO EPISCOPAL,PROCEDIMIENTO DE DECLARACIÓN - ENTORNO DE PROTECCIÓN-DECLARADO 12/05/2005,"""2005-05-12T00:00:00.000Z""",933,MONUMENTO,https://servicios.jcyl.es/pweb/datosGIS.do?tipo=inmueble&numero=4302
364785,3352,LA VILLA,PROCEDIMIENTO DE DECLARACIÓN - BIC-DECLARADO 07/12/1983,"""1983-12-07T00:00:00.000Z""",931,CONJUNTO HISTÓRICO,https://servicios.jcyl.es/pweb/datosGIS.do?tipo=inmueble&numero=3352
364786,5274,EL CASCO ANTIGUO,PROCEDIMIENTO DE DECLARACIÓN - BIC-INCOADO 28/09/1976,"""1976-09-28T00:00:00.000Z""",931,CONJUNTO HISTÓRICO,https://servicios.jcyl.es/pweb/datosGIS.do?tipo=inmueble&numero=5274
364787,13315,IGLESIA DE SAN JUAN BAUTISTA,PROCEDIMIENTO DE DECLARACIÓN - BIC-DECLARADO 28/09/1995,"""1995-09-28T00:00:00.000Z""",933,MONUMENTO,https://servicios.jcyl.es/pweb/datosGIS.do?tipo=inmueble&numero=13315
364788,12806,ATALAYA ESTE DEL BURGO DE OSMA,PROCEDIMIENTO DE DECLARACIÓN - BIC-DECLARADO 09/01/2014,"""2014-01-09T00:00:00.000Z""",933,MONUMENTO,https://servicios.jcyl.es/pweb/datosGIS.do?tipo=inmueble&numero=12806
364789,3097,SALINAS,PROCEDIMIENTO DE DECLARACIÓN - BIC-DECLARADO 22/11/2001,"""2001-11-22T00:00:00.000Z""",935,SITIO HISTÓRICO,https://servicios.jcyl.es/pweb/datosGIS.do?tipo=inmueble&numero=3097
364790,9256,PUENTE MOCHO Y RESTOS CALZADA ROMANA,PROCEDIMIENTO DE DECLARACIÓN - BIC-DECLARADO 20/06/2000,"""2000-06-20T00:00:00.000Z""",933,MONUMENTO,https://servicios.jcyl.es/pweb/datosGIS.do?tipo=inmueble&numero=9256
364791,10010,IGLESIA DE SANTO TOMAS CANTUARIENSE,PROCEDIMIENTO DE DECLARACIÓN - ENTORNO DE PROTECCIÓN-DECLARADO 15/03/2007,"""2007-03-15T00:00:00.000Z""",933,MONUMENTO,https://servicios.jcyl.es/pweb/datosGIS.do?tipo=inmueble&numero=10010
364792,8671,DOLMEN DEL TERRIÑUELO,PROCEDIMIENTO DE DECLARACIÓN - BIC-DECLARADO 10/02/1994,"""1994-02-10T00:00:00.000Z""",937,ZONA ARQUEOLÓGICA,https://servicios.jcyl.es/pweb/datosGIS.do?tipo=inmueble&numero=8671
364793,12914,ATALAYA DE OJARACA,PROCEDIMIENTO DE DECLARACIÓN - BIC-DECLARADO 16/01/2014,"""2014-01-16T00:00:00.000Z""",933,MONUMENTO,https://servicios.jcyl.es/pweb/datosGIS.do?tipo=inmueble&numero=12914
364794,13569,ATALAYA DE NOGRALES,PROCEDIMIENTO DE DECLARACIÓN - BIC-DECLARADO 23/01/2014,"""2014-01-23T00:00:00.000Z""",933,MONUMENTO,https://servicios.jcyl.es/pweb/datosGIS.do?tipo=inmueble&numero=13569
364795,11657,PALACIO DE LOS GONZALEZ DE SEPULVEDA,PROCEDIMIENTO DE DECLARACIÓN - BIC-DECLARADO 07/07/2022,"""2022-07-07T00:00:00.000Z""",933,MONUMENTO,https://servicios.jcyl.es/pweb/datosGIS.do?tipo=inmueble&numero=11657
364796,12384,"DOLMEN DE ""SAN GREGORIO""",PROCEDIMIENTO DE DECLARACIÓN - BIC-DECLARADO 28/09/1995,"""1995-09-28T00:00:00.000Z""",937,ZONA ARQUEOLÓGICA,https://servicios.jcyl.es/pweb/datosGIS.do?tipo=inmueble&numero=12384
364797,5579,CASTRO DE CORONA DE CORPORALES,PROCEDIMIENTO DE DECLARACIÓN - BIC-DECLARADO 25/08/2022,"""2022-08-25T00:00:00.000Z""",937,ZONA ARQUEOLÓGICA,https://servicios.jcyl.es/pweb/datosGIS.do?tipo=inmueble&numero=5579
364798,5672,TORREON MILITAR DEL SIGLO XIV,PROCEDIMIENTO DE DECLARACIÓN - BIC-DECLARADO 10/02/1994,"""1994-02-10T00:00:00.000Z""",933,MONUMENTO,https://servicios.jcyl.es/pweb/datosGIS.do?tipo=inmueble&numero=5672
364799,8738,JARDIN EL BOSQUE,PROCEDIMIENTO DE DECLARACIÓN - ENTORNO DE PROTECCIÓN-DECLARADO 08/06/1995,"""1995-06-08T00:00:00.000Z""",932,JARDÍN HISTÓRICO,https://servicios.jcyl.es/pweb/datosGIS.do?tipo=inmueble&numero=8738
364800,11755,CONJUNTO DE ARBOLADO Y ALAMEDA DE CIUDAD,PROCEDIMIENTO DE DECLARACIÓN - BIC-DECLARADO 11/04/1947,"""1947-04-11T00:00:00.000Z""",934,PARAJE PINTORESCO,https://servicios.jcyl.es/pweb/datosGIS.do?tipo=inmueble&numero=11755
364801,12509,IGLESIA PARROQUIAL,PROCEDIMIENTO DE DECLARACIÓN - BIC-DECLARADO 03/10/2013,"""2013-10-03T00:00:00.000Z""",933,MONUMENTO,https://servicios.jcyl.es/pweb/datosGIS.do?tipo=inmueble&numero=12509
364802,5763,"CAMPO DEL AGUA, EL REGUEIRAL-LAS VALIÑAS",PROCEDIMIENTO DE DECLARACIÓN - BIC-DECLARADO 24/01/2008,"""2008-01-24T00:00:00.000Z""",930,CONJUNTO ETNOLÓGICO,https://servicios.jcyl.es/pweb/datosGIS.do?tipo=inmueble&numero=5763
364803,576,DOLMEN DEL PRADO DE LAS CRUCES,PROCEDIMIENTO DE DECLARACIÓN - BIC-DECLARADO 31/08/1995,"""1995-08-31T00:00:00.000Z""",937,ZONA ARQUEOLÓGICA,https://servicios.jcyl.es/pweb/datosGIS.do?tipo=inmueble&numero=576
364804,328,"IGLESIA DE SANTO TOME EL VIEJO, MUSEO DE ÁVILA, ALMACÉN VISITABLE",PROCEDIMIENTO DE DECLARACIÓN - ENTORNO DE PROTECCIÓN-DECLARADO 08/08/1991,"""1991-08-08T00:00:00.000Z""",933,MONUMENTO,https://servicios.jcyl.es/pweb/datosGIS.do?tipo=inmueble&numero=328
364805,11927,CASA PALACIO DE LOS AYALA BERGANZA - LA CASA DEL CRIMEN,PROCEDIMIENTO DE DECLARACIÓN - BIC-DECLARADO 22/09/2022,"""2022-09-22T00:00:00.000Z""",933,MONUMENTO,https://servicios.jcyl.es/pweb/datosGIS.do?tipo=inmueble&numero=11927
364806,13859,ERMITA DE SAN SATURIO,PROCEDIMIENTO DE DECLARACIÓN - BIC-DECLARADO 29/07/2021,"""2021-07-29T00:00:00.000Z""",933,MONUMENTO,https://servicios.jcyl.es/pweb/datosGIS.do?tipo=inmueble&numero=13859
364807,13912,IGLESIA DE SANTO TOME (ACTUALMENTE SANTO DOMINGO),PROCEDIMIENTO DE DECLARACIÓN - ENTORNO DE PROTECCIÓN-DECLARADO 13/01/2000,"""2000-01-13T00:00:00.000Z""",933,MONUMENTO,https://servicios.jcyl.es/pweb/datosGIS.do?tipo=inmueble&numero=13912
364808,13949,MONTE VALONSADERO,PROCEDIMIENTO DE DECLARACIÓN - BIC-DECLARADO 30/06/1994,"""1994-06-30T00:00:00.000Z""",937,ZONA ARQUEOLÓGICA,https://servicios.jcyl.es/pweb/datosGIS.do?tipo=inmueble&numero=13949
364809,15820,IGLESIA CATEDRAL NUESTRA SEÑORA DE LA ASUNCION,PROCEDIMIENTO DE DECLARACIÓN - ENTORNO DE PROTECCIÓN-INCOADO 28/07/2005,"""2005-07-28T00:00:00.000Z""",933,MONUMENTO,https://servicios.jcyl.es/pweb/datosGIS.do?tipo=inmueble&numero=15820
364810,16994,CONVENTO DEL SANCTI SPIRITU,PROCEDIMIENTO DE DECLARACIÓN - ADECUACIÓN-DECLARADO 13/01/2011,"""2011-01-13T00:00:00.000Z""",933,MONUMENTO,https://servicios.jcyl.es/pweb/datosGIS.do?tipo=inmueble&numero=16994
364811,16891,LA VILLA,PROCEDIMIENTO DE DECLARACIÓN - BIC-DECLARADO 11/03/1994,"""1994-03-11T00:00:00.000Z""",931,CONJUNTO HISTÓRICO,https://servicios.jcyl.es/pweb/datosGIS.do?tipo=inmueble&numero=16891
364812,2680703,MONUMENTO A LA VIRGEN DE LA ANTIGUA,PROCEDIMIENTO DE DECLARACIÓN - BIC-INCOADO 02/05/2023,"""2023-05-02T00:00:00.000Z""",933,MONUMENTO,https://servicios.jcyl.es/pweb/datosGIS.do?tipo=inmueble&numero=2680703
364813,2229662,MONASTERIO DE NUESTRA SEÑORA DE LA ANUNCIADA,PROCEDIMIENTO DE DECLARACIÓN - BIC-INCOADO 05/07/2023,"""2023-07-05T00:00:00.000Z""",933,MONUMENTO,https://servicios.jcyl.es/pweb/datosGIS.do?tipo=inmueble&numero=2229662
364814,539482,ANTIGUAS TENERÍAS DEL ARRABAL DE SAN SEGUNDO,PROCEDIMIENTO DE DECLARACIÓN - BIC-DECLARADO 24/06/2010,"""2010-06-24T00:00:00.000Z""",937,ZONA ARQUEOLÓGICA,https://servicios.jcyl.es/pweb/datosGIS.do?tipo=inmueble&numero=539482
364815,10863,LA VILLA,PROCEDIMIENTO DE DECLARACIÓN - AMPLIACIÓN DECLARACIÓN-DECLARADO 11/05/1995,"""1995-05-11T00:00:00.000Z""",931,CONJUNTO HISTÓRICO,https://servicios.jcyl.es/pweb/datosGIS.do?tipo=inmueble&numero=10863
364816,9708,"COLEGIO SAN BARTOLOME-PALACIO ANAYA-, HOSPEDERÍA E IGLESIA DE SAN SEBASTIÁN",PROCEDIMIENTO DE DECLARACIÓN - BIC-DECLARADO 06/10/2011,"""2011-10-06T00:00:00.000Z""",933,MONUMENTO,https://servicios.jcyl.es/pweb/datosGIS.do?tipo=inmueble&numero=9708
364817,667,CASTRO DEL RASO,PROCEDIMIENTO DE DECLARACIÓN - BIC-DECLARADO 07/04/1994,"""1994-04-07T00:00:00.000Z""",937,ZONA ARQUEOLÓGICA,https://servicios.jcyl.es/pweb/datosGIS.do?tipo=inmueble&numero=667
364818,1566,IGLESIA DE SANTA MARIA,PROCEDIMIENTO DE DECLARACIÓN - BIC-DECLARADO 18/06/1982,"""1982-06-18T00:00:00.000Z""",933,MONUMENTO,https://servicios.jcyl.es/pweb/datosGIS.do?tipo=inmueble&numero=1566
364819,2212,LA CIUDAD,PROCEDIMIENTO DE DECLARACIÓN - AMPLIACIÓN DECLARACIÓN-DECLARADO 23/06/2005,"""2005-06-23T00:00:00.000Z""",931,CONJUNTO HISTÓRICO,https://servicios.jcyl.es/pweb/datosGIS.do?tipo=inmueble&numero=2212
364820,2484,LA VILLA,PROCEDIMIENTO DE DECLARACIÓN - AMPLIACIÓN DECLARACIÓN-DECLARADO 28/02/2002,"""2002-02-28T00:00:00.000Z""",931,CONJUNTO HISTÓRICO,https://servicios.jcyl.es/pweb/datosGIS.do?tipo=inmueble&numero=2484
364821,3084,EL CASCO ANTIGUO,PROCEDIMIENTO DE DECLARACIÓN - BIC-DECLARADO 12/11/1982,"""1982-11-12T00:00:00.000Z""",931,CONJUNTO HISTÓRICO,https://servicios.jcyl.es/pweb/datosGIS.do?tipo=inmueble&numero=3084
364822,2793,LA TORRE DE LOS FERNANDEZ VELASCO,PROCEDIMIENTO DE DECLARACIÓN - ADECUACIÓN-DECLARADO 13/06/2013,"""2013-06-13T00:00:00.000Z""",933,MONUMENTO,https://servicios.jcyl.es/pweb/datosGIS.do?tipo=inmueble&numero=2793
364823,4077,LA VILLA,PROCEDIMIENTO DE DECLARACIÓN - BIC-DECLARADO 12/05/1993,"""1993-05-12T00:00:00.000Z""",931,CONJUNTO HISTÓRICO,https://servicios.jcyl.es/pweb/datosGIS.do?tipo=inmueble&numero=4077
364824,5942,"YACIMIENTO ARQUEOLÓGICO ""ANTIGUA CIUDAD DE LANCIA""",PROCEDIMIENTO DE DECLARACIÓN - BIC-DECLARADO 03/11/1994,"""1994-11-03T00:00:00.000Z""",937,ZONA ARQUEOLÓGICA,https://servicios.jcyl.es/pweb/datosGIS.do?tipo=inmueble&numero=5942
364825,6934,LA VILLA,PROCEDIMIENTO DE DECLARACIÓN - BIC-DECLARADO 27/05/2010,"""2010-05-27T00:00:00.000Z""",931,CONJUNTO HISTÓRICO,https://servicios.jcyl.es/pweb/datosGIS.do?tipo=inmueble&numero=6934
364826,3313,LA VILLA,PROCEDIMIENTO DE DECLARACIÓN - BIC-DECLARADO 12/04/1973,"""1973-04-12T00:00:00.000Z""",931,CONJUNTO HISTÓRICO,https://servicios.jcyl.es/pweb/datosGIS.do?tipo=inmueble&numero=3313
364827,7229,EL PUEBLO,PROCEDIMIENTO DE DECLARACIÓN - BIC-DECLARADO 06/09/2007,"""2007-09-06T00:00:00.000Z""",931,CONJUNTO HISTÓRICO,https://servicios.jcyl.es/pweb/datosGIS.do?tipo=inmueble&numero=7229
364828,5417,LA VILLA,PROCEDIMIENTO DE DECLARACIÓN - BIC-DECLARADO 16/06/2022,"""2022-06-16T00:00:00.000Z""",931,CONJUNTO HISTÓRICO,https://servicios.jcyl.es/pweb/datosGIS.do?tipo=inmueble&numero=5417
364829,12725,ATALAYA DEL ENEBRAL,PROCEDIMIENTO DE DECLARACIÓN - BIC-DECLARADO 09/01/2014,"""2014-01-09T00:00:00.000Z""",933,MONUMENTO,https://servicios.jcyl.es/pweb/datosGIS.do?tipo=inmueble&numero=12725
364830,11376,LA VILLA,PROCEDIMIENTO DE DECLARACIÓN - BIC-DECLARADO 30/03/1951,"""1951-03-30T00:00:00.000Z""",931,CONJUNTO HISTÓRICO,https://servicios.jcyl.es/pweb/datosGIS.do?tipo=inmueble&numero=11376
364831,4518,MONASTERIO SANTA MARIA DE CARRACEDO,PROCEDIMIENTO DE DECLARACIÓN - ENTORNO DE PROTECCIÓN-DECLARADO 05/05/1994,"""1994-05-05T00:00:00.000Z""",933,MONUMENTO,https://servicios.jcyl.es/pweb/datosGIS.do?tipo=inmueble&numero=4518
364832,4031,LA VILLA,PROCEDIMIENTO DE DECLARACIÓN - BIC-DECLARADO 04/06/1992,"""1992-06-04T00:00:00.000Z""",931,CONJUNTO HISTÓRICO,https://servicios.jcyl.es/pweb/datosGIS.do?tipo=inmueble&numero=4031
364833,4725,IGLESIA DEL MONASTERIO DE SANTA MARIA,PROCEDIMIENTO DE DECLARACIÓN - ENTORNO DE PROTECCIÓN-DECLARADO 17/05/2001,"""2001-05-17T00:00:00.000Z""",933,MONUMENTO,https://servicios.jcyl.es/pweb/datosGIS.do?tipo=inmueble&numero=4725
364834,13628,VILLA ROMANA DE HUERTA DEL RIO,PROCEDIMIENTO DE DECLARACIÓN - BIC-DECLARADO 20/01/1994,"""1994-01-20T00:00:00.000Z""",937,ZONA ARQUEOLÓGICA,https://servicios.jcyl.es/pweb/datosGIS.do?tipo=inmueble&numero=13628
364835,3132,LA VILLA,PROCEDIMIENTO DE DECLARACIÓN - BIC-DECLARADO 08/03/2007,"""2007-03-08T00:00:00.000Z""",931,CONJUNTO HISTÓRICO,https://servicios.jcyl.es/pweb/datosGIS.do?tipo=inmueble&numero=3132
364836,6446,CASCO HISTORICO DE LA CIUDAD,PROCEDIMIENTO DE DECLARACIÓN - BIC-DECLARADO 31/08/1995,"""1995-08-31T00:00:00.000Z""",931,CONJUNTO HISTÓRICO,https://servicios.jcyl.es/pweb/datosGIS.do?tipo=inmueble&numero=6446
364837,9385,LA VILLA,PROCEDIMIENTO DE DECLARACIÓN - BIC-DECLARADO 03/09/1982,"""1982-09-03T00:00:00.000Z""",931,CONJUNTO HISTÓRICO,https://servicios.jcyl.es/pweb/datosGIS.do?tipo=inmueble&numero=9385
364838,13576,ATALAYA DENOMINADA TORRE DEL AGUA,PROCEDIMIENTO DE DECLARACIÓN - BIC-DECLARADO 23/01/2014,"""2014-01-23T00:00:00.000Z""",933,MONUMENTO,https://servicios.jcyl.es/pweb/datosGIS.do?tipo=inmueble&numero=13576
364839,6695,VILLA DE BECERRIL DE CAMPOS,PROCEDIMIENTO DE DECLARACIÓN - BIC-DECLARADO 01/07/2004,"""2004-07-01T00:00:00.000Z""",931,CONJUNTO HISTÓRICO,https://servicios.jcyl.es/pweb/datosGIS.do?tipo=inmueble&numero=6695
364840,7625,LA CIUDAD,PROCEDIMIENTO DE DECLARACIÓN - BIC-DECLARADO 22/03/2018,"""2018-03-22T00:00:00.000Z""",931,CONJUNTO HISTÓRICO,https://servicios.jcyl.es/pweb/datosGIS.do?tipo=inmueble&numero=7625
364841,545,PUENTE SOBRE EL RIO ADAJA,PROCEDIMIENTO DE DECLARACIÓN - BIC-DECLARADO 06/07/2023,"""2023-07-06T00:00:00.000Z""",933,MONUMENTO,https://servicios.jcyl.es/pweb/datosGIS.do?tipo=inmueble&numero=545
364842,178,CONVENTO DE SAN JOSE,PROCEDIMIENTO DE DECLARACIÓN - ENTORNO DE PROTECCIÓN-DECLARADO 13/06/1991,"""1991-06-13T00:00:00.000Z""",933,MONUMENTO,https://servicios.jcyl.es/pweb/datosGIS.do?tipo=inmueble&numero=178
364843,375,LA CIUDAD DE ÁVILA,PROCEDIMIENTO DE DECLARACIÓN - BIC-DECLARADO 15/12/1982,"""1982-12-15T00:00:00.000Z""",931,CONJUNTO HISTÓRICO,https://servicios.jcyl.es/pweb/datosGIS.do?tipo=inmueble&numero=375
364844,381,LAS MURALLAS,PROCEDIMIENTO DE DECLARACIÓN - ENTORNO DE PROTECCIÓN-DECLARADO 08/08/1991,"""1991-08-08T00:00:00.000Z""",933,MONUMENTO,https://servicios.jcyl.es/pweb/datosGIS.do?tipo=inmueble&numero=381
364845,1210,DESPOBLADO DE ULACA,PROCEDIMIENTO DE DECLARACIÓN - ENTORNO DE PROTECCIÓN-DECLARADO 02/02/1995,"""1995-02-02T00:00:00.000Z""",937,ZONA ARQUEOLÓGICA,https://servicios.jcyl.es/pweb/datosGIS.do?tipo=inmueble&numero=1210
364846,13165,IGLESIA DE NUESTRA SEÑORA DE LA ASUNCION,PROCEDIMIENTO DE DECLARACIÓN - BIC-DECLARADO 22/09/2016,"""2016-09-22T00:00:00.000Z""",933,MONUMENTO,https://servicios.jcyl.es/pweb/datosGIS.do?tipo=inmueble&numero=13165
364847,13776,RUINAS CICLOPEAS,PROCEDIMIENTO DE DECLARACIÓN - BIC-DECLARADO 03/06/1931,"""1931-06-03T00:00:00.000Z""",937,ZONA ARQUEOLÓGICA,https://servicios.jcyl.es/pweb/datosGIS.do?tipo=inmueble&numero=13776
364848,15465,LA VILLA,PROCEDIMIENTO DE DECLARACIÓN - BIC-DECLARADO 23/11/1977,"""1977-11-23T00:00:00.000Z""",931,CONJUNTO HISTÓRICO,https://servicios.jcyl.es/pweb/datosGIS.do?tipo=inmueble&numero=15465
364849,14354,IGLESIA DE SANTA MARIA,PROCEDIMIENTO DE DECLARACIÓN - ENTORNO DE PROTECCIÓN-DECLARADO 06/11/1997,"""1997-11-06T00:00:00.000Z""",933,MONUMENTO,https://servicios.jcyl.es/pweb/datosGIS.do?tipo=inmueble&numero=14354
364850,14855,LA CIUDAD,PROCEDIMIENTO DE DECLARACIÓN - BIC-DECLARADO 08/04/1965,"""1965-04-08T00:00:00.000Z""",931,CONJUNTO HISTÓRICO,https://servicios.jcyl.es/pweb/datosGIS.do?tipo=inmueble&numero=14855
364851,13891,IGLESIA DE SAN JUAN RABANERA,PROCEDIMIENTO DE DECLARACIÓN - ENTORNO DE PROTECCIÓN-DECLARADO 13/01/2000,"""2000-01-13T00:00:00.000Z""",933,MONUMENTO,https://servicios.jcyl.es/pweb/datosGIS.do?tipo=inmueble&numero=13891
364852,15720,CONVENTO DE SANTA TERESA (M.M. CARMELITAS DESCALZAS),PROCEDIMIENTO DE DECLARACIÓN - BIC-DECLARADO 12/05/1993,"""1993-05-12T00:00:00.000Z""",933,MONUMENTO,https://servicios.jcyl.es/pweb/datosGIS.do?tipo=inmueble&numero=15720
364853,15874,IGLESIA DE SAN MARTIN,PROCEDIMIENTO DE DECLARACIÓN - BIC-DECLARADO 28/10/1993,"""1993-10-28T00:00:00.000Z""",933,MONUMENTO,https://servicios.jcyl.es/pweb/datosGIS.do?tipo=inmueble&numero=15874
364854,14533,IGLESIA DE LA ASUNCION,PROCEDIMIENTO DE DECLARACIÓN - BIC-DECLARADO 17/10/2013,"""2013-10-17T00:00:00.000Z""",933,MONUMENTO,https://servicios.jcyl.es/pweb/datosGIS.do?tipo=inmueble&numero=14533
364855,16049,PALACIO CONDES RIVADAVIA PALACIO DE PIMENTEL,PROCEDIMIENTO DE DECLARACIÓN - BIC-DECLARADO 10/12/1998,"""1998-12-10T00:00:00.000Z""",933,MONUMENTO,https://servicios.jcyl.es/pweb/datosGIS.do?tipo=inmueble&numero=16049
364856,15209,YACIMIENTO ROMANO DE LAS CALAVERAS,PROCEDIMIENTO DE DECLARACIÓN - BIC-INCOADO 14/07/1999,"""1999-07-14T00:00:00.000Z""",937,ZONA ARQUEOLÓGICA,https://servicios.jcyl.es/pweb/datosGIS.do?tipo=inmueble&numero=15209
364857,15302,IGLESIA DE SAN PEDRO,PROCEDIMIENTO DE DECLARACIÓN - BIC-DECLARADO 17/10/2013,"""2013-10-17T00:00:00.000Z""",933,MONUMENTO,https://servicios.jcyl.es/pweb/datosGIS.do?tipo=inmueble&numero=15302
364858,17015,IGLESIA DE SAN LORENZO EL REAL,PROCEDIMIENTO DE DECLARACIÓN - ADECUACIÓN-DECLARADO 26/07/2012,"""2012-07-26T00:00:00.000Z""",933,MONUMENTO,https://servicios.jcyl.es/pweb/datosGIS.do?tipo=inmueble&numero=17015
364859,16883,IGLESIA DE SANTA MARIA DEL AZOGUE,PROCEDIMIENTO DE DECLARACIÓN - BIC-DECLARADO 17/02/2022,"""2022-02-17T00:00:00.000Z""",933,MONUMENTO,https://servicios.jcyl.es/pweb/datosGIS.do?tipo=inmueble&numero=16883
364860,17022,IGLESIA DE SAN PEDRO DEL OLMO,PROCEDIMIENTO DE DECLARACIÓN - ADECUACIÓN-DECLARADO 13/01/2011,"""2011-01-13T00:00:00.000Z""",933,MONUMENTO,https://servicios.jcyl.es/pweb/datosGIS.do?tipo=inmueble&numero=17022
364861,17135,IGLESIA DE SANTA MARIA LA ANTIGUA,PROCEDIMIENTO DE DECLARACIÓN - ENTORNO DE PROTECCIÓN-DECLARADO 23/10/2008,"""2008-10-23T00:00:00.000Z""",933,MONUMENTO,https://servicios.jcyl.es/pweb/datosGIS.do?tipo=inmueble&numero=17135
364862,16249,VILLALAR DE LOS COMUNEROS,PROCEDIMIENTO DE DECLARACIÓN - BIC-DECLARADO 02/05/1996,"""1996-05-02T00:00:00.000Z""",935,SITIO HISTÓRICO,https://servicios.jcyl.es/pweb/datosGIS.do?tipo=inmueble&numero=16249
364863,16940,IGLESIA DE SAN PEDRO DE LA NAVE,PROCEDIMIENTO DE DECLARACIÓN - ENTORNO DE PROTECCIÓN-DECLARADO 09/05/1996,"""1996-05-09T00:00:00.000Z""",933,MONUMENTO,https://servicios.jcyl.es/pweb/datosGIS.do?tipo=inmueble&numero=16940
364864,2876796,PIRÁMIDE DE LOS ITALIANOS,PROCEDIMIENTO DE DECLARACIÓN - BIC-INCOADO 21/02/2023,"""2023-02-21T00:00:00.000Z""",933,MONUMENTO,https://servicios.jcyl.es/pweb/datosGIS.do?tipo=inmueble&numero=2876796
364865,478957,"CONVENTO DE SANTA SOFÍA: RESTOS DEL ANTIGUO PALACIO DE Mª DE MOLINA, TORREÓN, PATIO DE LA CISTERNA E IGLESIA",PROCEDIMIENTO DE DECLARACIÓN - BIC-DECLARADO 04/05/2017,"""2017-05-04T00:00:00.000Z""",933,MONUMENTO,https://servicios.jcyl.es/pweb/datosGIS.do?tipo=inmueble&numero=478957
364866,539494,COMPLEJO MINERO DE PURAS VILLAFRANCA,PROCEDIMIENTO DE DECLARACIÓN - BIC-DECLARADO 17/02/2011,"""2011-02-17T00:00:00.000Z""",930,CONJUNTO ETNOLÓGICO,https://servicios.jcyl.es/pweb/datosGIS.do?tipo=inmueble&numero=539494
364867,10230,LA VILLA,PROCEDIMIENTO DE DECLARACIÓN - BIC-DECLARADO 12/11/1982,"""1982-11-12T00:00:00.000Z""",931,CONJUNTO HISTÓRICO,https://servicios.jcyl.es/pweb/datosGIS.do?tipo=inmueble&numero=10230
364868,9484,COTO DE NUESTRA SEÑORA DEL CARMEN,PROCEDIMIENTO DE DECLARACIÓN - BIC-DECLARADO 03/11/2005,"""2005-11-03T00:00:00.000Z""",932,JARDÍN HISTÓRICO,https://servicios.jcyl.es/pweb/datosGIS.do?tipo=inmueble&numero=9484
364869,8829,LA VILLA,PROCEDIMIENTO DE DECLARACIÓN - BIC-DECLARADO 06/03/1975,"""1975-03-06T00:00:00.000Z""",931,CONJUNTO HISTÓRICO,https://servicios.jcyl.es/pweb/datosGIS.do?tipo=inmueble&numero=8829
364870,9505,BARRIO CATEDRALICIO O VIEJO DE LA CIUDAD,PROCEDIMIENTO DE DECLARACIÓN - AMPLIACIÓN DECLARACIÓN-INCOADO 22/07/1982,"""1982-07-22T00:00:00.000Z""",931,CONJUNTO HISTÓRICO,https://servicios.jcyl.es/pweb/datosGIS.do?tipo=inmueble&numero=9505
364871,9598,CATEDRAL NUEVA ASUNCION DE LA VIRGEN,PROCEDIMIENTO DE DECLARACIÓN - ENTORNO DE PROTECCIÓN-DECLARADO 22/04/1999,"""1999-04-22T00:00:00.000Z""",933,MONUMENTO,https://servicios.jcyl.es/pweb/datosGIS.do?tipo=inmueble&numero=9598
364872,9637,COLEGIO DE LOS IRLANDESES,PROCEDIMIENTO DE DECLARACIÓN - ENTORNO DE PROTECCIÓN-DECLARADO 01/10/1999,"""1999-10-01T00:00:00.000Z""",933,MONUMENTO,https://servicios.jcyl.es/pweb/datosGIS.do?tipo=inmueble&numero=9637
364873,11995,TEATRO JUAN BRAVO,PROCEDIMIENTO DE DECLARACIÓN - BIC-DECLARADO 29/09/2022,"""2022-09-29T00:00:00.000Z""",933,MONUMENTO,https://servicios.jcyl.es/pweb/datosGIS.do?tipo=inmueble&numero=11995
364874,927,LA VILLA,PROCEDIMIENTO DE DECLARACIÓN - BIC-DECLARADO 03/09/2020,"""2020-09-03T00:00:00.000Z""",931,CONJUNTO HISTÓRICO,https://servicios.jcyl.es/pweb/datosGIS.do?tipo=inmueble&numero=927
364875,1418,SIERRA DE ATAPUERCA,PROCEDIMIENTO DE DECLARACIÓN - BIC-DECLARADO 19/12/1991,"""1991-12-19T00:00:00.000Z""",937,ZONA ARQUEOLÓGICA,https://servicios.jcyl.es/pweb/datosGIS.do?tipo=inmueble&numero=1418
364876,1453,"VILLA ROMANA DE ""SANTA CRUZ""",PROCEDIMIENTO DE DECLARACIÓN - BIC-DECLARADO 11/03/1994,"""1994-03-11T00:00:00.000Z""",937,ZONA ARQUEOLÓGICA,https://servicios.jcyl.es/pweb/datosGIS.do?tipo=inmueble&numero=1453
364877,1937,LA VILLA,PROCEDIMIENTO DE DECLARACIÓN - ADECUACIÓN-DECLARADO 17/02/2011,"""2011-02-17T00:00:00.000Z""",931,CONJUNTO HISTÓRICO,https://servicios.jcyl.es/pweb/datosGIS.do?tipo=inmueble&numero=1937
364878,2323,MONASTERIO DE SAN PEDRO DE ARLANZA,PROCEDIMIENTO DE DECLARACIÓN - ENTORNO DE PROTECCIÓN-INCOADO 19/11/1979,"""1979-11-19T00:00:00.000Z""",931,CONJUNTO HISTÓRICO,https://servicios.jcyl.es/pweb/datosGIS.do?tipo=inmueble&numero=2323
364879,2849,IGLESIA PARROQUIAL,PROCEDIMIENTO DE DECLARACIÓN - BIC-DECLARADO 15/04/1992,"""1992-04-15T00:00:00.000Z""",933,MONUMENTO,https://servicios.jcyl.es/pweb/datosGIS.do?tipo=inmueble&numero=2849
364880,8433,IGLESIA DEL CONVENTO DE LAS MADRES ISABELES,PROCEDIMIENTO DE DECLARACIÓN - BIC-DECLARADO 24/10/1996,"""1996-10-24T00:00:00.000Z""",933,MONUMENTO,https://servicios.jcyl.es/pweb/datosGIS.do?tipo=inmueble&numero=8433
364881,5926,IGLESIA CONVENTO PREMOSTRATENSE,PROCEDIMIENTO DE DECLARACIÓN - BIC-DECLARADO 17/12/1992,"""1992-12-17T00:00:00.000Z""",933,MONUMENTO,https://servicios.jcyl.es/pweb/datosGIS.do?tipo=inmueble&numero=5926
364882,17356,IGLESIA DE SANTA LUCIA,PROCEDIMIENTO DE DECLARACIÓN - BIC-DECLARADO 21/09/2017,"""2017-09-21T00:00:00.000Z""",933,MONUMENTO,https://servicios.jcyl.es/pweb/datosGIS.do?tipo=inmueble&numero=17356
364883,5232,EL PUEBLO,PROCEDIMIENTO DE DECLARACIÓN - BIC-DECLARADO 12/06/2008,"""2008-06-12T00:00:00.000Z""",930,CONJUNTO ETNOLÓGICO,https://servicios.jcyl.es/pweb/datosGIS.do?tipo=inmueble&numero=5232
364884,7935,PLAZA VIEJA Y ENTORNO,PROCEDIMIENTO DE DECLARACIÓN - BIC-DECLARADO 30/05/1996,"""1996-05-30T00:00:00.000Z""",931,CONJUNTO HISTÓRICO,https://servicios.jcyl.es/pweb/datosGIS.do?tipo=inmueble&numero=7935
364885,12025,NECROPOLIS VISIGOTICA Y YACIMIENTO ROMANO LOS MERCADOS,PROCEDIMIENTO DE DECLARACIÓN - BIC-DECLARADO 24/11/1994,"""1994-11-24T00:00:00.000Z""",937,ZONA ARQUEOLÓGICA,https://servicios.jcyl.es/pweb/datosGIS.do?tipo=inmueble&numero=12025
364886,12102,"CUEVA ""DE LOS SIETE ALTARES""",PROCEDIMIENTO DE DECLARACIÓN - BIC-DECLARADO 29/12/1994,"""1994-12-29T00:00:00.000Z""",937,ZONA ARQUEOLÓGICA,https://servicios.jcyl.es/pweb/datosGIS.do?tipo=inmueble&numero=12102
364887,5149,CASTRO DEL CHANO,PROCEDIMIENTO DE DECLARACIÓN - BIC-DECLARADO 24/11/1994,"""1994-11-24T00:00:00.000Z""",937,ZONA ARQUEOLÓGICA,https://servicios.jcyl.es/pweb/datosGIS.do?tipo=inmueble&numero=5149
364888,10522,LA VEGA,PROCEDIMIENTO DE DECLARACIÓN - BIC-DECLARADO 23/12/1992,"""1992-12-23T00:00:00.000Z""",937,ZONA ARQUEOLÓGICA,https://servicios.jcyl.es/pweb/datosGIS.do?tipo=inmueble&numero=10522
364889,9887,IGLESIA DE LA VERA CRUZ,PROCEDIMIENTO DE DECLARACIÓN - ENTORNO DE PROTECCIÓN-DECLARADO 06/05/1999,"""1999-05-06T00:00:00.000Z""",933,MONUMENTO,https://servicios.jcyl.es/pweb/datosGIS.do?tipo=inmueble&numero=9887
364890,12780,LA CIUDAD,PROCEDIMIENTO DE DECLARACIÓN - BIC-DECLARADO 24/06/1993,"""1993-06-24T00:00:00.000Z""",931,CONJUNTO HISTÓRICO,https://servicios.jcyl.es/pweb/datosGIS.do?tipo=inmueble&numero=12780
364891,12159,IGLESIA PARROQUIAL,PROCEDIMIENTO DE DECLARACIÓN - BIC-DECLARADO 13/10/2022,"""2022-10-13T00:00:00.000Z""",933,MONUMENTO,https://servicios.jcyl.es/pweb/datosGIS.do?tipo=inmueble&numero=12159
364892,13677,ATALAYA DE QUINTANILLA,PROCEDIMIENTO DE DECLARACIÓN - BIC-DECLARADO 23/01/2014,"""2014-01-23T00:00:00.000Z""",933,MONUMENTO,https://servicios.jcyl.es/pweb/datosGIS.do?tipo=inmueble&numero=13677
364893,12857,MONUMENTO FUNERARIO,PROCEDIMIENTO DE DECLARACIÓN - BIC-DECLARADO 18/11/1993,"""1993-11-18T00:00:00.000Z""",937,ZONA ARQUEOLÓGICA,https://servicios.jcyl.es/pweb/datosGIS.do?tipo=inmueble&numero=12857
364894,5172,CONJUNTO INDUSTRIAL DEL POZO DE IBARRA,PROCEDIMIENTO DE DECLARACIÓN - BIC-DECLARADO 15/09/2011,"""2011-09-15T00:00:00.000Z""",930,CONJUNTO ETNOLÓGICO,https://servicios.jcyl.es/pweb/datosGIS.do?tipo=inmueble&numero=5172
364895,4682,LA VILLA,PROCEDIMIENTO DE DECLARACIÓN - BIC-DECLARADO 05/05/1994,"""1994-05-05T00:00:00.000Z""",931,CONJUNTO HISTÓRICO,https://servicios.jcyl.es/pweb/datosGIS.do?tipo=inmueble&numero=4682
364896,12312,LA VILLA DE AGREDA,PROCEDIMIENTO DE DECLARACIÓN - BIC-DECLARADO 05/05/1994,"""1994-05-05T00:00:00.000Z""",931,CONJUNTO HISTÓRICO,https://servicios.jcyl.es/pweb/datosGIS.do?tipo=inmueble&numero=12312
364897,12935,ATALAYA DE CARACENA,PROCEDIMIENTO DE DECLARACIÓN - BIC-DECLARADO 16/01/2014,"""2014-01-16T00:00:00.000Z""",933,MONUMENTO,https://servicios.jcyl.es/pweb/datosGIS.do?tipo=inmueble&numero=12935
364898,8704,CAMPO DE BATALLA DE LOS ARAPILES,PROCEDIMIENTO DE DECLARACIÓN - BIC-DECLARADO 27/01/1994,"""1994-01-27T00:00:00.000Z""",935,SITIO HISTÓRICO,https://servicios.jcyl.es/pweb/datosGIS.do?tipo=inmueble&numero=8704
364899,16601,CASTRO DE RIOMANZANAS,PROCEDIMIENTO DE DECLARACIÓN - BIC-DECLARADO 13/06/2013,"""2013-06-13T00:00:00.000Z""",937,ZONA ARQUEOLÓGICA,https://servicios.jcyl.es/pweb/datosGIS.do?tipo=inmueble&numero=16601
364900,12984,IGLESIA DE SAN PEDRO,PROCEDIMIENTO DE DECLARACIÓN - BIC-DECLARADO 20/11/2014,"""2014-11-20T00:00:00.000Z""",933,MONUMENTO,https://servicios.jcyl.es/pweb/datosGIS.do?tipo=inmueble&numero=12984
364901,145,CAPILLA DE MOSEN RUBI,PROCEDIMIENTO DE DECLARACIÓN - ENTORNO DE PROTECCIÓN-DECLARADO 13/06/1991,"""1991-06-13T00:00:00.000Z""",933,MONUMENTO,https://servicios.jcyl.es/pweb/datosGIS.do?tipo=inmueble&numero=145
364902,236,ERMITA DE SAN SEGUNDO DEL RIO ADAJA,PROCEDIMIENTO DE DECLARACIÓN - ENTORNO DE PROTECCIÓN-DECLARADO 08/01/1998,"""1998-01-08T00:00:00.000Z""",933,MONUMENTO,https://servicios.jcyl.es/pweb/datosGIS.do?tipo=inmueble&numero=236
364903,405,MATADERO,PROCEDIMIENTO DE DECLARACIÓN - BIC-DECLARADO 21/07/2022,"""2022-07-21T00:00:00.000Z""",933,MONUMENTO,https://servicios.jcyl.es/pweb/datosGIS.do?tipo=inmueble&numero=405
364904,454,PALACIO DE LOS ABRANTE,PROCEDIMIENTO DE DECLARACIÓN - ENTORNO DE PROTECCIÓN-DECLARADO 01/08/1991,"""1991-08-01T00:00:00.000Z""",933,MONUMENTO,https://servicios.jcyl.es/pweb/datosGIS.do?tipo=inmueble&numero=454
364905,490,PALACIO DE LOS SERRANO,PROCEDIMIENTO DE DECLARACIÓN - BIC-DECLARADO 21/07/2022,"""2022-07-21T00:00:00.000Z""",933,MONUMENTO,https://servicios.jcyl.es/pweb/datosGIS.do?tipo=inmueble&numero=490
364906,17250,CONVENTO DE SAN FRANCISCO,PROCEDIMIENTO DE DECLARACIÓN - BIC-DECLARADO 12/05/2022,"""2022-05-12T00:00:00.000Z""",933,MONUMENTO,https://servicios.jcyl.es/pweb/datosGIS.do?tipo=inmueble&numero=17250
364907,862884,BARRIO DE BODEGAS DE BALTANAS,PROCEDIMIENTO DE DECLARACIÓN - BIC-DECLARADO 10/12/2015,"""2015-12-10T00:00:00.000Z""",930,CONJUNTO ETNOLÓGICO,https://servicios.jcyl.es/pweb/datosGIS.do?tipo=inmueble&numero=862884
364908,863248,"BODEGAS DE ""EL PLANTÍO""",PROCEDIMIENTO DE DECLARACIÓN - BIC-DECLARADO 02/03/2017,"""2017-03-02T00:00:00.000Z""",930,CONJUNTO ETNOLÓGICO,https://servicios.jcyl.es/pweb/datosGIS.do?tipo=inmueble&numero=863248
364909,938609,MONASTERIO DE SANTA MARIA DE RIOSECO,PROCEDIMIENTO DE DECLARACIÓN - BIC-DECLARADO 10/01/2019,"""2019-01-10T00:00:00.000Z""",933,MONUMENTO,https://servicios.jcyl.es/pweb/datosGIS.do?tipo=inmueble&numero=938609
364910,13185,EL PUEBLO,PROCEDIMIENTO DE DECLARACIÓN - BIC-DECLARADO 23/08/2007,"""2007-08-23T00:00:00.000Z""",931,CONJUNTO HISTÓRICO,https://servicios.jcyl.es/pweb/datosGIS.do?tipo=inmueble&numero=13185
364911,14826,PALACIO REAL DE LOS REYES CATOLICOS. PALACIO TESTAMENTARIO,PROCEDIMIENTO DE DECLARACIÓN - BIC-DECLARADO 15/05/2003,"""2003-05-15T00:00:00.000Z""",935,SITIO HISTÓRICO,https://servicios.jcyl.es/pweb/datosGIS.do?tipo=inmueble&numero=14826
364912,14832,IGLESIA DE SAN JUAN BAUTISTA,PROCEDIMIENTO DE DECLARACIÓN - BIC-DECLARADO 17/10/2013,"""2013-10-17T00:00:00.000Z""",933,MONUMENTO,https://servicios.jcyl.es/pweb/datosGIS.do?tipo=inmueble&numero=14832
364913,14332,EL RECINTO URBANO,PROCEDIMIENTO DE DECLARACIÓN - BIC-DECLARADO 06/11/1997,"""1997-11-06T00:00:00.000Z""",931,CONJUNTO HISTÓRICO,https://servicios.jcyl.es/pweb/datosGIS.do?tipo=inmueble&numero=14332
364914,15621,CALLE JUAN MAMBRILLA O CALLE FRANCOS,PROCEDIMIENTO DE DECLARACIÓN - BIC-DECLARADO 26/02/1970,"""1970-02-26T00:00:00.000Z""",931,CONJUNTO HISTÓRICO,https://servicios.jcyl.es/pweb/datosGIS.do?tipo=inmueble&numero=15621
364915,16736,CASTRO DEL VISO,PROCEDIMIENTO DE DECLARACIÓN - BIC-DECLARADO 26/09/2013,"""2013-09-26T00:00:00.000Z""",937,ZONA ARQUEOLÓGICA,https://servicios.jcyl.es/pweb/datosGIS.do?tipo=inmueble&numero=16736
364916,16741,"""LA CORONA-EL PESADERO""",PROCEDIMIENTO DE DECLARACIÓN - BIC-DECLARADO 09/03/1995,"""1995-03-09T00:00:00.000Z""",937,ZONA ARQUEOLÓGICA,https://servicios.jcyl.es/pweb/datosGIS.do?tipo=inmueble&numero=16741
364917,16017,MONASTERIO DE SANTA MARIA DE LAS HUELGAS,PROCEDIMIENTO DE DECLARACIÓN - ENTORNO DE PROTECCIÓN-DECLARADO 17/12/1998,"""1998-12-17T00:00:00.000Z""",933,MONUMENTO,https://servicios.jcyl.es/pweb/datosGIS.do?tipo=inmueble&numero=16017
364918,16870,AYUNTAMIENTO,PROCEDIMIENTO DE DECLARACIÓN - BIC-DECLARADO 17/02/2022,"""2022-02-17T00:00:00.000Z""",933,MONUMENTO,https://servicios.jcyl.es/pweb/datosGIS.do?tipo=inmueble&numero=16870
364919,15655,CASA DEL DUQUE DE BENAVENTE,PROCEDIMIENTO DE DECLARACIÓN - ENTORNO DE PROTECCIÓN-DECLARADO 19/12/1996,"""1996-12-19T00:00:00.000Z""",933,MONUMENTO,https://servicios.jcyl.es/pweb/datosGIS.do?tipo=inmueble&numero=15655
364920,14153,DESPOBLADO,PROCEDIMIENTO DE DECLARACIÓN - BIC-DECLARADO 03/06/1931,"""1931-06-03T00:00:00.000Z""",937,ZONA ARQUEOLÓGICA,https://servicios.jcyl.es/pweb/datosGIS.do?tipo=inmueble&numero=14153
364921,14209,VILLA ROMANA Y NECRÓPOLIS CELTIBÉRICA DE SAN MARTÍN,PROCEDIMIENTO DE DECLARACIÓN - BIC-DECLARADO 11/12/2014,"""2014-12-11T00:00:00.000Z""",937,ZONA ARQUEOLÓGICA,https://servicios.jcyl.es/pweb/datosGIS.do?tipo=inmueble&numero=14209
364922,16291,POBLADO MEDIEVAL DE FUENTEUNGRILLO,PROCEDIMIENTO DE DECLARACIÓN - BIC-DECLARADO 30/03/1994,"""1994-03-30T00:00:00.000Z""",937,ZONA ARQUEOLÓGICA,https://servicios.jcyl.es/pweb/datosGIS.do?tipo=inmueble&numero=16291
364923,17009,ERMITA DE SANTA MARIA DE LA VEGA,PROCEDIMIENTO DE DECLARACIÓN - ADECUACIÓN-DECLARADO 13/01/2011,"""2011-01-13T00:00:00.000Z""",933,MONUMENTO,https://servicios.jcyl.es/pweb/datosGIS.do?tipo=inmueble&numero=17009
364924,16303,RUINAS MONASTERIO SANTA MARIA DE MATALLANA,PROCEDIMIENTO DE DECLARACIÓN - ENTORNO DE PROTECCIÓN-DECLARADO 21/12/1995,"""1995-12-21T00:00:00.000Z""",933,MONUMENTO,https://servicios.jcyl.es/pweb/datosGIS.do?tipo=inmueble&numero=16303
364925,16415,CASTRO DE LAS LABRADAS,PROCEDIMIENTO DE DECLARACIÓN - BIC-DECLARADO 02/02/2006,"""2006-02-02T00:00:00.000Z""",937,ZONA ARQUEOLÓGICA,https://servicios.jcyl.es/pweb/datosGIS.do?tipo=inmueble&numero=16415
364926,259233,VILLA ROMANA DE CAMARZANA DE TERA,PROCEDIMIENTO DE DECLARACIÓN - BIC-DECLARADO 04/11/2010,"""2010-11-04T00:00:00.000Z""",937,ZONA ARQUEOLÓGICA,https://servicios.jcyl.es/pweb/datosGIS.do?tipo=inmueble&numero=259233
364927,2124520,CERRO DE LOS ALMADENES,PROCEDIMIENTO DE DECLARACIÓN - BIC-DECLARADO 09/06/2022,"""2022-06-09T00:00:00.000Z""",937,ZONA ARQUEOLÓGICA,https://servicios.jcyl.es/pweb/datosGIS.do?tipo=inmueble&numero=2124520
364928,539557,IGLESIA DEL COLEGIO APOSTÓLICO DE LOS PADRES DOMINICOS,PROCEDIMIENTO DE DECLARACIÓN - BIC-DECLARADO 28/07/2011,"""2011-07-28T00:00:00.000Z""",933,MONUMENTO,https://servicios.jcyl.es/pweb/datosGIS.do?tipo=inmueble&numero=539557
364929,9448,EL CASCO ANTIGUO,PROCEDIMIENTO DE DECLARACIÓN - ADECUACIÓN-DECLARADO 23/08/2012,"""2012-08-23T00:00:00.000Z""",931,CONJUNTO HISTÓRICO,https://servicios.jcyl.es/pweb/datosGIS.do?tipo=inmueble&numero=9448
364930,10899,CERRO DE SAN ISIDRO,PROCEDIMIENTO DE DECLARACIÓN - BIC-DECLARADO 25/06/1985,"""1985-06-25T00:00:00.000Z""",937,ZONA ARQUEOLÓGICA,https://servicios.jcyl.es/pweb/datosGIS.do?tipo=inmueble&numero=10899
364931,9088,CIUDAD RODRIGO INCLUYENDO EL LUGAR CONOCIDO COMO TESO GRANDE O TESO DE SAN FRANCISMO.,PROCEDIMIENTO DE DECLARACIÓN - ADECUACIÓN-DECLARADO 16/08/2012,"""2012-08-16T00:00:00.000Z""",931,CONJUNTO HISTÓRICO,https://servicios.jcyl.es/pweb/datosGIS.do?tipo=inmueble&numero=9088
364932,12624,CONVENTO DE PAREDES ALBAS,PROCEDIMIENTO DE DECLARACIÓN - BIC-DECLARADO 26/09/2013,"""2013-09-26T00:00:00.000Z""",933,MONUMENTO,https://servicios.jcyl.es/pweb/datosGIS.do?tipo=inmueble&numero=12624
364933,816,CASTRO DE LA MESA DE MIRANDA Y NECROPOLIS DE LA OSERA,PROCEDIMIENTO DE DECLARACIÓN - BIC-DECLARADO 23/09/2021,"""2021-09-23T00:00:00.000Z""",937,ZONA ARQUEOLÓGICA,https://servicios.jcyl.es/pweb/datosGIS.do?tipo=inmueble&numero=816
364934,1121,LA VILLA,PROCEDIMIENTO DE DECLARACIÓN - BIC-DECLARADO 10/01/2008,"""2008-01-10T00:00:00.000Z""",931,CONJUNTO HISTÓRICO,https://servicios.jcyl.es/pweb/datosGIS.do?tipo=inmueble&numero=1121
364935,2078,VILLA,PROCEDIMIENTO DE DECLARACIÓN - AMPLIACIÓN DECLARACIÓN-DECLARADO 22/11/2001,"""2001-11-22T00:00:00.000Z""",931,CONJUNTO HISTÓRICO,https://servicios.jcyl.es/pweb/datosGIS.do?tipo=inmueble&numero=2078
364936,2298,SANTUARIO DE LA VIRGEN DE LA CUEVA,PROCEDIMIENTO DE DECLARACIÓN - BIC-DECLARADO 30/06/2022,"""2022-06-30T00:00:00.000Z""",933,MONUMENTO,https://servicios.jcyl.es/pweb/datosGIS.do?tipo=inmueble&numero=2298
364937,4760,CASTILLO,PROCEDIMIENTO DE DECLARACIÓN - ENTORNO DE PROTECCIÓN-DECLARADO 16/03/2000,"""2000-03-16T00:00:00.000Z""",933,MONUMENTO,https://servicios.jcyl.es/pweb/datosGIS.do?tipo=inmueble&numero=4760
364938,4783,PALACIO DE LOS CONDES DE GRAJAL,PROCEDIMIENTO DE DECLARACIÓN - ENTORNO DE PROTECCIÓN-DECLARADO 02/03/2000,"""2000-03-02T00:00:00.000Z""",933,MONUMENTO,https://servicios.jcyl.es/pweb/datosGIS.do?tipo=inmueble&numero=4783
364939,3160,EREMITORIO MOZÁRABE DE CUEVA ANDRÉS,PROCEDIMIENTO DE DECLARACIÓN - BIC-DECLARADO 01/07/2021,"""2021-07-01T00:00:00.000Z""",937,ZONA ARQUEOLÓGICA,https://servicios.jcyl.es/pweb/datosGIS.do?tipo=inmueble&numero=3160
364940,5955,IGLESIA MARTIRIAL-IGLESIA VIEJA,PROCEDIMIENTO DE DECLARACIÓN - ENTORNO DE PROTECCIÓN-DECLARADO 27/04/2000,"""2000-04-27T00:00:00.000Z""",937,ZONA ARQUEOLÓGICA,https://servicios.jcyl.es/pweb/datosGIS.do?tipo=inmueble&numero=5955
364941,3242,COMPLEJO ARQUEOLOGICO,PROCEDIMIENTO DE DECLARACIÓN - BIC-DECLARADO 25/08/1993,"""1993-08-25T00:00:00.000Z""",937,ZONA ARQUEOLÓGICA,https://servicios.jcyl.es/pweb/datosGIS.do?tipo=inmueble&numero=3242
364942,11171,LA VILLA,PROCEDIMIENTO DE DECLARACIÓN - BIC-DECLARADO 18/11/1993,"""1993-11-18T00:00:00.000Z""",931,CONJUNTO HISTÓRICO,https://servicios.jcyl.es/pweb/datosGIS.do?tipo=inmueble&numero=11171
364943,4366,LA VILLA,PROCEDIMIENTO DE DECLARACIÓN - BIC-DECLARADO 16/03/2023,"""2023-03-16T00:00:00.000Z""",931,CONJUNTO HISTÓRICO,https://servicios.jcyl.es/pweb/datosGIS.do?tipo=inmueble&numero=4366
364944,3416,LA VILLA,PROCEDIMIENTO DE DECLARACIÓN - BIC-DECLARADO 10/12/2020,"""2020-12-10T00:00:00.000Z""",931,CONJUNTO HISTÓRICO,https://servicios.jcyl.es/pweb/datosGIS.do?tipo=inmueble&numero=3416
364945,5527,CONJUNTO HISTORICO DE SANTIAGO MILLAS,PROCEDIMIENTO DE DECLARACIÓN - BIC-DECLARADO 01/10/1999,"""1999-10-01T00:00:00.000Z""",931,CONJUNTO HISTÓRICO,https://servicios.jcyl.es/pweb/datosGIS.do?tipo=inmueble&numero=5527
364946,10446,ESTACIÓN DE ARTE RUPESTRE EN SIEGA VERDE,PROCEDIMIENTO DE DECLARACIÓN - BIC-DECLARADO 25/09/1998,"""1998-09-25T00:00:00.000Z""",937,ZONA ARQUEOLÓGICA,https://servicios.jcyl.es/pweb/datosGIS.do?tipo=inmueble&numero=10446
364947,9766,CONVENTO DE SANTA URSULA,PROCEDIMIENTO DE DECLARACIÓN - ENTORNO DE PROTECCIÓN-DECLARADO 03/06/1999,"""1999-06-03T00:00:00.000Z""",933,MONUMENTO,https://servicios.jcyl.es/pweb/datosGIS.do?tipo=inmueble&numero=9766
364948,9188,"DOLMEN DE ""CASA DEL MORO""",PROCEDIMIENTO DE DECLARACIÓN - BIC-DECLARADO 04/12/1997,"""1997-12-04T00:00:00.000Z""",937,ZONA ARQUEOLÓGICA,https://servicios.jcyl.es/pweb/datosGIS.do?tipo=inmueble&numero=9188
364949,12851,ATALAYA DE NAVAPALOS,PROCEDIMIENTO DE DECLARACIÓN - BIC-DECLARADO 16/01/2014,"""2014-01-16T00:00:00.000Z""",933,MONUMENTO,https://servicios.jcyl.es/pweb/datosGIS.do?tipo=inmueble&numero=12851
364950,4604,EL CASTRO DE SAN MARTIN DE TORRES,PROCEDIMIENTO DE DECLARACIÓN - BIC-DECLARADO 12/01/1995,"""1995-01-12T00:00:00.000Z""",937,ZONA ARQUEOLÓGICA,https://servicios.jcyl.es/pweb/datosGIS.do?tipo=inmueble&numero=4604
364951,4644,IGLESIA DE SAN ESTEBAN,PROCEDIMIENTO DE DECLARACIÓN - ENTORNO DE PROTECCIÓN-DECLARADO 27/08/1998,"""1998-08-27T00:00:00.000Z""",933,MONUMENTO,https://servicios.jcyl.es/pweb/datosGIS.do?tipo=inmueble&numero=4644
364952,10100,PUENTE ROMANO SOBRE EL RÍO TORMES EN SALAMANCA,PROCEDIMIENTO DE DECLARACIÓN - ENTORNO DE PROTECCIÓN-DECLARADO 26/03/1998,"""1998-03-26T00:00:00.000Z""",933,MONUMENTO,https://servicios.jcyl.es/pweb/datosGIS.do?tipo=inmueble&numero=10100
364953,10608,LA VILLA,PROCEDIMIENTO DE DECLARACIÓN - BIC-DECLARADO 19/05/1973,"""1973-05-19T00:00:00.000Z""",931,CONJUNTO HISTÓRICO,https://servicios.jcyl.es/pweb/datosGIS.do?tipo=inmueble&numero=10608
364954,12880,LA VILLA,PROCEDIMIENTO DE DECLARACIÓN - BIC-DECLARADO 29/11/1962,"""1962-11-29T00:00:00.000Z""",931,CONJUNTO HISTÓRICO,https://servicios.jcyl.es/pweb/datosGIS.do?tipo=inmueble&numero=12880
364955,13650,VILLA ROMANA DE LOS QUINTANARES,PROCEDIMIENTO DE DECLARACIÓN - BIC-DECLARADO 22/04/1994,"""1994-04-22T00:00:00.000Z""",937,ZONA ARQUEOLÓGICA,https://servicios.jcyl.es/pweb/datosGIS.do?tipo=inmueble&numero=13650
364956,6376,LA VILLA,PROCEDIMIENTO DE DECLARACIÓN - ADECUACIÓN-DECLARADO 11/11/2010,"""2010-11-11T00:00:00.000Z""",931,CONJUNTO HISTÓRICO,https://servicios.jcyl.es/pweb/datosGIS.do?tipo=inmueble&numero=6376
364957,17323,IGLESIA DE SAN FRONTIS,PROCEDIMIENTO DE DECLARACIÓN - BIC-DECLARADO 26/09/2013,"""2013-09-26T00:00:00.000Z""",933,MONUMENTO,https://servicios.jcyl.es/pweb/datosGIS.do?tipo=inmueble&numero=17323
364958,11711,CASA DE LA TIERRA,PROCEDIMIENTO DE DECLARACIÓN - BIC-DECLARADO 04/11/2021,"""2021-11-04T00:00:00.000Z""",933,MONUMENTO,https://servicios.jcyl.es/pweb/datosGIS.do?tipo=inmueble&numero=11711
364959,11719,CASA DE LAS CADENAS,PROCEDIMIENTO DE DECLARACIÓN - BIC-DECLARADO 23/06/2022,"""2022-06-23T00:00:00.000Z""",933,MONUMENTO,https://servicios.jcyl.es/pweb/datosGIS.do?tipo=inmueble&numero=11719
364960,9,CALZADA DE LA PLATA EN CASTILLA Y LEÓN,PROCEDIMIENTO DE DECLARACIÓN - ADECUACIÓN-INCOADO 20/11/2001,"""2001-11-20T00:00:00.000Z""",931,CONJUNTO HISTÓRICO,https://servicios.jcyl.es/pweb/datosGIS.do?tipo=inmueble&numero=9
364961,338,IGLESIA PARROQUIAL DE SAN JUAN,PROCEDIMIENTO DE DECLARACIÓN - ENTORNO DE PROTECCIÓN-DECLARADO 13/06/1991,"""1991-06-13T00:00:00.000Z""",933,MONUMENTO,https://servicios.jcyl.es/pweb/datosGIS.do?tipo=inmueble&numero=338
364962,601,LA VILLA,PROCEDIMIENTO DE DECLARACIÓN - BIC-DECLARADO 02/11/2017,"""2017-11-02T00:00:00.000Z""",931,CONJUNTO HISTÓRICO,https://servicios.jcyl.es/pweb/datosGIS.do?tipo=inmueble&numero=601
364963,17181,LA LOCALIDAD,PROCEDIMIENTO DE DECLARACIÓN - BIC-DECLARADO 26/11/2020,"""2020-11-26T00:00:00.000Z""",931,CONJUNTO HISTÓRICO,https://servicios.jcyl.es/pweb/datosGIS.do?tipo=inmueble&numero=17181
364964,915652,COMPLEJO MINERO-INDUSTRIAL DE LA RECUELGA,PROCEDIMIENTO DE DECLARACIÓN - BIC-INCOADO 23/12/2022,"""2022-12-23T00:00:00.000Z""",930,CONJUNTO ETNOLÓGICO,https://servicios.jcyl.es/pweb/datosGIS.do?tipo=inmueble&numero=915652
364965,875381,PARAJE DE LA SALUD,PROCEDIMIENTO DE DECLARACIÓN - ADECUACIÓN-INCOADO 29/05/2023,"""2023-05-29T00:00:00.000Z""",937,ZONA ARQUEOLÓGICA,https://servicios.jcyl.es/pweb/datosGIS.do?tipo=inmueble&numero=875381
364966,11035,LA VILLA,PROCEDIMIENTO DE DECLARACIÓN - BIC-DECLARADO 08/03/2007,"""2007-03-08T00:00:00.000Z""",931,CONJUNTO HISTÓRICO,https://servicios.jcyl.es/pweb/datosGIS.do?tipo=inmueble&numero=11035
364967,11901,MOLINO DE LOS SEÑORES SOBRE EL RÍO ERESMA,PROCEDIMIENTO DE DECLARACIÓN - BIC-DECLARADO 22/09/2022,"""2022-09-22T00:00:00.000Z""",933,MONUMENTO,https://servicios.jcyl.es/pweb/datosGIS.do?tipo=inmueble&numero=11901
364968,13938,MARGEN IZQUIERDA DEL RIO DUERO,PROCEDIMIENTO DE DECLARACIÓN - BIC-DECLARADO 15/06/2006,"""2006-06-15T00:00:00.000Z""",931,CONJUNTO HISTÓRICO,https://servicios.jcyl.es/pweb/datosGIS.do?tipo=inmueble&numero=13938
364969,14420,PUENTE ROMANO Y CALZADA ROMANA ITINERARIO Nº 17,PROCEDIMIENTO DE DECLARACIÓN - BIC-DECLARADO 31/08/1995,"""1995-08-31T00:00:00.000Z""",937,ZONA ARQUEOLÓGICA,https://servicios.jcyl.es/pweb/datosGIS.do?tipo=inmueble&numero=14420
364970,15601,"""ZORITA - LAS QUINTANAS""",PROCEDIMIENTO DE DECLARACIÓN - BIC-DECLARADO 14/07/2011,"""2011-07-14T00:00:00.000Z""",937,ZONA ARQUEOLÓGICA,https://servicios.jcyl.es/pweb/datosGIS.do?tipo=inmueble&numero=15601
364971,14768,CASTILLO DE LA MOTA,PROCEDIMIENTO DE DECLARACIÓN - ENTORNO DE PROTECCIÓN-DECLARADO 03/10/1996,"""1996-10-03T00:00:00.000Z""",933,MONUMENTO,https://servicios.jcyl.es/pweb/datosGIS.do?tipo=inmueble&numero=14768
364972,16279,LA VILLA,PROCEDIMIENTO DE DECLARACIÓN - BIC-DECLARADO 28/10/1993,"""1993-10-28T00:00:00.000Z""",931,CONJUNTO HISTÓRICO,https://servicios.jcyl.es/pweb/datosGIS.do?tipo=inmueble&numero=16279
364973,16876,CASTILLO DE LOS CONDES DE BENAVENTE,PROCEDIMIENTO DE DECLARACIÓN - BIC-DECLARADO 17/02/2022,"""2022-02-17T00:00:00.000Z""",933,MONUMENTO,https://servicios.jcyl.es/pweb/datosGIS.do?tipo=inmueble&numero=16876
364974,17042,COLEGIATA DE SANTA MARIA LA MAYOR,PROCEDIMIENTO DE DECLARACIÓN - ADECUACIÓN-DECLARADO 04/11/2010,"""2010-11-04T00:00:00.000Z""",933,MONUMENTO,https://servicios.jcyl.es/pweb/datosGIS.do?tipo=inmueble&numero=17042
364975,17108,VALCUEVO - LOS CASTROS - Y EL ALBA,PROCEDIMIENTO DE DECLARACIÓN - BIC-DECLARADO 05/05/1994,"""1994-05-05T00:00:00.000Z""",937,ZONA ARQUEOLÓGICA,https://servicios.jcyl.es/pweb/datosGIS.do?tipo=inmueble&numero=17108
364976,2163214,CUENCA MINERA DE FABERO,PROCEDIMIENTO DE DECLARACIÓN - BIC-DECLARADO 22/04/2021,"""2021-04-22T00:00:00.000Z""",930,CONJUNTO ETNOLÓGICO,https://servicios.jcyl.es/pweb/datosGIS.do?tipo=inmueble&numero=2163214
364977,539518,MONASTERIO DE FRESDELVAL,PROCEDIMIENTO DE DECLARACIÓN - AMPLIACIÓN DECLARACIÓN-DECLARADO 06/10/2011,"""2011-10-06T00:00:00.000Z""",933,MONUMENTO,https://servicios.jcyl.es/pweb/datosGIS.do?tipo=inmueble&numero=539518
364978,10209,LA VILLA,PROCEDIMIENTO DE DECLARACIÓN - BIC-DECLARADO 23/12/1965,"""1965-12-23T00:00:00.000Z""",931,CONJUNTO HISTÓRICO,https://servicios.jcyl.es/pweb/datosGIS.do?tipo=inmueble&numero=10209
364979,9495,VILLA ROMANA DE SAELICES EL CHICO,PROCEDIMIENTO DE DECLARACIÓN - BIC-DECLARADO 18/09/1997,"""1997-09-18T00:00:00.000Z""",937,ZONA ARQUEOLÓGICA,https://servicios.jcyl.es/pweb/datosGIS.do?tipo=inmueble&numero=9495
364980,8945,CAPILLA DE CERRALBO,PROCEDIMIENTO DE DECLARACIÓN - BIC-DECLARADO 16/06/2011,"""2011-06-16T00:00:00.000Z""",933,MONUMENTO,https://servicios.jcyl.es/pweb/datosGIS.do?tipo=inmueble&numero=8945
364981,11940,PALACIO DEL MARQUESADO DE LOZOYA,PROCEDIMIENTO DE DECLARACIÓN - BIC-DECLARADO 01/12/2022,"""2022-12-01T00:00:00.000Z""",933,MONUMENTO,https://servicios.jcyl.es/pweb/datosGIS.do?tipo=inmueble&numero=11940
364982,13213,IGLESIA DE LA ASUNCIÓN DE NUESTRA SEÑORA,PROCEDIMIENTO DE DECLARACIÓN - BIC-DECLARADO 27/09/2012,"""2012-09-27T00:00:00.000Z""",933,MONUMENTO,https://servicios.jcyl.es/pweb/datosGIS.do?tipo=inmueble&numero=13213
364983,2358,YACIMIENTO DE LA ULAÑA,PROCEDIMIENTO DE DECLARACIÓN - BIC-DECLARADO 27/07/2006,"""2006-07-27T00:00:00.000Z""",937,ZONA ARQUEOLÓGICA,https://servicios.jcyl.es/pweb/datosGIS.do?tipo=inmueble&numero=2358
364984,2581,LA VILLA,PROCEDIMIENTO DE DECLARACIÓN - BIC-DECLARADO 07/06/1973,"""1973-06-07T00:00:00.000Z""",931,CONJUNTO HISTÓRICO,https://servicios.jcyl.es/pweb/datosGIS.do?tipo=inmueble&numero=2581
364985,2798,CASA DE VELA ZANETTI,PROCEDIMIENTO DE DECLARACIÓN - BIC-INCOADO 24/03/1997,"""1997-03-24T00:00:00.000Z""",933,MONUMENTO,https://servicios.jcyl.es/pweb/datosGIS.do?tipo=inmueble&numero=2798
364986,4801,COLINAS DEL CAMPO DE MARTIN MORO TOLEDANO,PROCEDIMIENTO DE DECLARACIÓN - BIC-DECLARADO 10/11/1994,"""1994-11-10T00:00:00.000Z""",931,CONJUNTO HISTÓRICO,https://servicios.jcyl.es/pweb/datosGIS.do?tipo=inmueble&numero=4801
364987,7857,EL CAÑON DE LA HORADADA,PROCEDIMIENTO DE DECLARACIÓN - BIC-DECLARADO 09/06/1994,"""1994-06-09T00:00:00.000Z""",937,ZONA ARQUEOLÓGICA,https://servicios.jcyl.es/pweb/datosGIS.do?tipo=inmueble&numero=7857
364988,4836,CASA DE BOTINES,PROCEDIMIENTO DE DECLARACIÓN - ENTORNO DE PROTECCIÓN-DECLARADO 12/05/2005,"""2005-05-12T00:00:00.000Z""",933,MONUMENTO,https://servicios.jcyl.es/pweb/datosGIS.do?tipo=inmueble&numero=4836
364989,4091,LA VILLA,PROCEDIMIENTO DE DECLARACIÓN - BIC-DECLARADO 24/06/1993,"""1993-06-24T00:00:00.000Z""",931,CONJUNTO HISTÓRICO,https://servicios.jcyl.es/pweb/datosGIS.do?tipo=inmueble&numero=4091
364990,3832,LA VILLA,PROCEDIMIENTO DE DECLARACIÓN - BIC-DECLARADO 02/11/1983,"""1983-11-02T00:00:00.000Z""",931,CONJUNTO HISTÓRICO,https://servicios.jcyl.es/pweb/datosGIS.do?tipo=inmueble&numero=3832
364991,5304,"LA LLAMADA ""TEBAIDA LEONESA""",PROCEDIMIENTO DE DECLARACIÓN - BIC-DECLARADO 06/06/1969,"""1969-06-06T00:00:00.000Z""",934,PARAJE PINTORESCO,https://servicios.jcyl.es/pweb/datosGIS.do?tipo=inmueble&numero=5304
364992,11461,LA VILLA,PROCEDIMIENTO DE DECLARACIÓN - ADECUACIÓN-DECLARADO 11/11/2021,"""2021-11-11T00:00:00.000Z""",931,CONJUNTO HISTÓRICO,https://servicios.jcyl.es/pweb/datosGIS.do?tipo=inmueble&numero=11461
364993,5205,MONASTERIO DE SAN PEDRO DE MONTES,PROCEDIMIENTO DE DECLARACIÓN - ENTORNO DE PROTECCIÓN-DECLARADO 12/05/1994,"""1994-05-12T00:00:00.000Z""",933,MONUMENTO,https://servicios.jcyl.es/pweb/datosGIS.do?tipo=inmueble&numero=5205
364994,4665,IGLESIA DE SAN MIGUEL,PROCEDIMIENTO DE DECLARACIÓN - ENTORNO DE PROTECCIÓN-DECLARADO 20/11/1997,"""1997-11-20T00:00:00.000Z""",933,MONUMENTO,https://servicios.jcyl.es/pweb/datosGIS.do?tipo=inmueble&numero=4665
364995,3111,LA VILLA,PROCEDIMIENTO DE DECLARACIÓN - BIC-DECLARADO 20/02/2021,"""2021-02-20T00:00:00.000Z""",931,CONJUNTO HISTÓRICO,https://servicios.jcyl.es/pweb/datosGIS.do?tipo=inmueble&numero=3111
364996,10095,PUENTE ENRIQUE ESTEVAN,PROCEDIMIENTO DE DECLARACIÓN - BIC-DECLARADO 14/01/2016,"""2016-01-14T00:00:00.000Z""",933,MONUMENTO,https://servicios.jcyl.es/pweb/datosGIS.do?tipo=inmueble&numero=10095
364997,11535,CONJUNTO HISTORICO LA GRANJA DE SAN ILDEFONSO,PROCEDIMIENTO DE DECLARACIÓN - BIC-DECLARADO 15/12/1982,"""1982-12-15T00:00:00.000Z""",931,CONJUNTO HISTÓRICO,https://servicios.jcyl.es/pweb/datosGIS.do?tipo=inmueble&numero=11535
364998,6520,IGLESIA DE SAN JUAN BAUTISTA,PROCEDIMIENTO DE DECLARACIÓN - ENTORNO DE PROTECCIÓN-DECLARADO 28/02/2008,"""2008-02-28T00:00:00.000Z""",933,MONUMENTO,https://servicios.jcyl.es/pweb/datosGIS.do?tipo=inmueble&numero=6520
364999,13485,IGLESIA DE SAN MILLAN,PROCEDIMIENTO DE DECLARACIÓN - BIC-DECLARADO 29/05/2014,"""2014-05-29T00:00:00.000Z""",933,MONUMENTO,https://servicios.jcyl.es/pweb/datosGIS.do?tipo=inmueble&numero=13485
365000,12421,CASA PALACIO DEL MARQUES DE VADILLO,PROCEDIMIENTO DE DECLARACIÓN - BIC-DECLARADO 27/09/2012,"""2012-09-27T00:00:00.000Z""",933,MONUMENTO,https://servicios.jcyl.es/pweb/datosGIS.do?tipo=inmueble&numero=12421
365001,13022,ATALAYA DE TORREJALBA,PROCEDIMIENTO DE DECLARACIÓN - BIC-DECLARADO 16/01/2014,"""2014-01-16T00:00:00.000Z""",933,MONUMENTO,https://servicios.jcyl.es/pweb/datosGIS.do?tipo=inmueble&numero=13022
365002,11761,CONJUNTOS PARCIALES DE LA CIUDAD,PROCEDIMIENTO DE DECLARACIÓN - BIC-DECLARADO 12/07/1941,"""1941-07-12T00:00:00.000Z""",931,CONJUNTO HISTÓRICO,https://servicios.jcyl.es/pweb/datosGIS.do?tipo=inmueble&numero=11761
365003,13043,IGLESIA PARROQUIAL,PROCEDIMIENTO DE DECLARACIÓN - BIC-DECLARADO 28/10/1993,"""1993-10-28T00:00:00.000Z""",933,MONUMENTO,https://servicios.jcyl.es/pweb/datosGIS.do?tipo=inmueble&numero=13043
365004,13070,"VILLA ROMANA DE ""LOS VILLARES""",PROCEDIMIENTO DE DECLARACIÓN - BIC-DECLARADO 02/02/2006,"""2006-02-02T00:00:00.000Z""",937,ZONA ARQUEOLÓGICA,https://servicios.jcyl.es/pweb/datosGIS.do?tipo=inmueble&numero=13070
365005,13102,RUINAS DE NUMANCIA,PROCEDIMIENTO DE DECLARACIÓN - ENTORNO DE PROTECCIÓN-DECLARADO 05/11/1998,"""1998-11-05T00:00:00.000Z""",937,ZONA ARQUEOLÓGICA,https://servicios.jcyl.es/pweb/datosGIS.do?tipo=inmueble&numero=13102
365006,5850,ZONA ANTIGUA DE VILLAFRANCA DEL BIERZO,PROCEDIMIENTO DE DECLARACIÓN - AMPLIACIÓN DECLARACIÓN-DECLARADO 22/11/2001,"""2001-11-22T00:00:00.000Z""",931,CONJUNTO HISTÓRICO,https://servicios.jcyl.es/pweb/datosGIS.do?tipo=inmueble&numero=5850
365007,1,CAMINO DE SANTIAGO EN CASTILLA Y LEÓN - CAMINO FRANCÉS -,PROCEDIMIENTO DE DECLARACIÓN - ENTORNO DE PROTECCIÓN-DECLARADO 23/12/1999,"""1999-12-23T00:00:00.000Z""",931,CONJUNTO HISTÓRICO,https://servicios.jcyl.es/pweb/datosGIS.do?tipo=inmueble&numero=1
365008,42,ANTIGUO CONVENTO DE LAS MONJAS,PROCEDIMIENTO DE DECLARACIÓN - BIC-DECLARADO 11/03/1993,"""1993-03-11T00:00:00.000Z""",933,MONUMENTO,https://servicios.jcyl.es/pweb/datosGIS.do?tipo=inmueble&numero=42
365009,280,IGLESIA DE SAN ANDRES,PROCEDIMIENTO DE DECLARACIÓN - ENTORNO DE PROTECCIÓN-DECLARADO 11/12/1997,"""1997-12-11T00:00:00.000Z""",933,MONUMENTO,https://servicios.jcyl.es/pweb/datosGIS.do?tipo=inmueble&numero=280
365010,309,IGLESIA DE SAN PEDRO,PROCEDIMIENTO DE DECLARACIÓN - ENTORNO DE PROTECCIÓN-DECLARADO 26/09/1991,"""1991-09-26T00:00:00.000Z""",933,MONUMENTO,https://servicios.jcyl.es/pweb/datosGIS.do?tipo=inmueble&numero=309
365011,355,"IGLESIA SANTOS MARTIRES VICENTE,SABINA Y CRISTETA",PROCEDIMIENTO DE DECLARACIÓN - ENTORNO DE PROTECCIÓN-DECLARADO 04/12/1997,"""1997-12-04T00:00:00.000Z""",933,MONUMENTO,https://servicios.jcyl.es/pweb/datosGIS.do?tipo=inmueble&numero=355
365012,716872,CONJUNTO URBANO,PROCEDIMIENTO DE DECLARACIÓN - BIC-DECLARADO 11/02/2016,"""2016-02-11T00:00:00.000Z""",931,CONJUNTO HISTÓRICO,https://servicios.jcyl.es/pweb/datosGIS.do?tipo=inmueble&numero=716872
365013,11894,ANTIGUO INSTITUTO DE ENSEÑANZA MEDIA «MARIANO QUINTANILLA»,PROCEDIMIENTO DE DECLARACIÓN - BIC-DECLARADO 17/11/2022,"""2022-11-17T00:00:00.000Z""",933,MONUMENTO,https://servicios.jcyl.es/pweb/datosGIS.do?tipo=inmueble&numero=11894
365014,11115,RUINAS DEL PALACIO MEDIEVAL,PROCEDIMIENTO DE DECLARACIÓN - BIC-DECLARADO 24/02/2022,"""2022-02-24T00:00:00.000Z""",933,MONUMENTO,https://servicios.jcyl.es/pweb/datosGIS.do?tipo=inmueble&numero=11115
365015,14312,LA VILLA,PROCEDIMIENTO DE DECLARACIÓN - BIC-DECLARADO 28/10/1993,"""1993-10-28T00:00:00.000Z""",931,CONJUNTO HISTÓRICO,https://servicios.jcyl.es/pweb/datosGIS.do?tipo=inmueble&numero=14312
365016,16577,IGLESIA DE NUESTRA SEÑORA DE LA ASUNCION,PROCEDIMIENTO DE DECLARACIÓN - BIC-DECLARADO 26/09/2013,"""2013-09-26T00:00:00.000Z""",933,MONUMENTO,https://servicios.jcyl.es/pweb/datosGIS.do?tipo=inmueble&numero=16577
365017,16585,LA VILLA,PROCEDIMIENTO DE DECLARACIÓN - BIC-DECLARADO 24/10/1974,"""1974-10-24T00:00:00.000Z""",931,CONJUNTO HISTÓRICO,https://servicios.jcyl.es/pweb/datosGIS.do?tipo=inmueble&numero=16585
365018,14868,CANAL DE CASTILLA: FABRICAS DE HARINAS SAN ANTONIO,PROCEDIMIENTO DE DECLARACIÓN - ENTORNO DE PROTECCIÓN-DECLARADO 04/03/2010,"""2010-03-04T00:00:00.000Z""",933,MONUMENTO,https://servicios.jcyl.es/pweb/datosGIS.do?tipo=inmueble&numero=14868
365019,15893,IGLESIA DE SAN MIGUEL Y SAN JULIAN,PROCEDIMIENTO DE DECLARACIÓN - BIC-DECLARADO 07/02/2008,"""2008-02-07T00:00:00.000Z""",933,MONUMENTO,https://servicios.jcyl.es/pweb/datosGIS.do?tipo=inmueble&numero=15893
365020,15058,"YACIMIENTO DE PADILLA DE DUERO (MUNICIPIO DE PEÑAFIEL), PESQUERA DE DUERO (VALLADOLID)",PROCEDIMIENTO DE DECLARACIÓN - BIC-DECLARADO 09/12/1993,"""1993-12-09T00:00:00.000Z""",937,ZONA ARQUEOLÓGICA,https://servicios.jcyl.es/pweb/datosGIS.do?tipo=inmueble&numero=15058
365021,15778,FACHADA A C/ SAN IGNACIO DE LOS FERNANDEZ DE MURAS Y COLUMNAS DEL PATIO ORIGINAL,PROCEDIMIENTO DE DECLARACIÓN - BIC-DECLARADO 03/07/1997,"""1997-07-03T00:00:00.000Z""",933,MONUMENTO,https://servicios.jcyl.es/pweb/datosGIS.do?tipo=inmueble&numero=15778
365022,14598,MONASTERIO NUESTRA SEÑORA DE LA ARMEDILLA-RUINAS,PROCEDIMIENTO DE DECLARACIÓN - BIC-DECLARADO 11/10/2007,"""2007-10-11T00:00:00.000Z""",933,MONUMENTO,https://servicios.jcyl.es/pweb/datosGIS.do?tipo=inmueble&numero=14598
365023,15092,LA VILLA,PROCEDIMIENTO DE DECLARACIÓN - BIC-DECLARADO 14/01/1999,"""1999-01-14T00:00:00.000Z""",931,CONJUNTO HISTÓRICO,https://servicios.jcyl.es/pweb/datosGIS.do?tipo=inmueble&numero=15092
365024,14201,ERMITA DE SAN BARTOLOME,PROCEDIMIENTO DE DECLARACIÓN - BIC-DECLARADO 07/05/2015,"""2015-05-07T00:00:00.000Z""",933,MONUMENTO,https://servicios.jcyl.es/pweb/datosGIS.do?tipo=inmueble&numero=14201
365025,14219,IGLESIA DE NUESTRA SEÑORA DEL COLLADO,PROCEDIMIENTO DE DECLARACIÓN - BIC-DECLARADO 08/03/2007,"""2007-03-08T00:00:00.000Z""",933,MONUMENTO,https://servicios.jcyl.es/pweb/datosGIS.do?tipo=inmueble&numero=14219
365026,16989,ALCÁZAR DE TORO,PROCEDIMIENTO DE DECLARACIÓN - ADECUACIÓN-DECLARADO 26/07/2012,"""2012-07-26T00:00:00.000Z""",933,MONUMENTO,https://servicios.jcyl.es/pweb/datosGIS.do?tipo=inmueble&numero=16989
365027,16168,VILLA ROMANA DEL PRADO,PROCEDIMIENTO DE DECLARACIÓN - BIC-DECLARADO 21/01/2021,"""2021-01-21T00:00:00.000Z""",937,ZONA ARQUEOLÓGICA,https://servicios.jcyl.es/pweb/datosGIS.do?tipo=inmueble&numero=16168
365028,16180,YACIMIENTO DEL SOTO DE MEDINILLA EDAD HIERRO,PROCEDIMIENTO DE DECLARACIÓN - BIC-DECLARADO 25/02/2021,"""2021-02-25T00:00:00.000Z""",937,ZONA ARQUEOLÓGICA,https://servicios.jcyl.es/pweb/datosGIS.do?tipo=inmueble&numero=16180
365029,118250,IGLESIA DE LOS SANTOS JUSTO Y PASTOR,PROCEDIMIENTO DE DECLARACIÓN - BIC-DECLARADO 16/06/2011,"""2011-06-16T00:00:00.000Z""",933,MONUMENTO,https://servicios.jcyl.es/pweb/datosGIS.do?tipo=inmueble&numero=118250
365030,2015365,ARROYO DE LAS ALMAS,PROCEDIMIENTO DE DECLARACIÓN - ADECUACIÓN-INCOADO 23/05/2023,"""2023-05-23T00:00:00.000Z""",937,ZONA ARQUEOLÓGICA,https://servicios.jcyl.es/pweb/datosGIS.do?tipo=inmueble&numero=2015365
365031,539578,LA BATALLA DEL MOCLIN,PROCEDIMIENTO DE DECLARACIÓN - BIC-DECLARADO 26/07/2012,"""2012-07-26T00:00:00.000Z""",935,SITIO HISTÓRICO,https://servicios.jcyl.es/pweb/datosGIS.do?tipo=inmueble&numero=539578
365032,8793,LAS CAVENES,PROCEDIMIENTO DE DECLARACIÓN - BIC-DECLARADO 23/03/2006,"""2006-03-23T00:00:00.000Z""",937,ZONA ARQUEOLÓGICA,https://servicios.jcyl.es/pweb/datosGIS.do?tipo=inmueble&numero=8793
365033,10652,CERRO DE LA VIRGEN DEL CASTILLO,PROCEDIMIENTO DE DECLARACIÓN - BIC-DECLARADO 12/05/2005,"""2005-05-12T00:00:00.000Z""",937,ZONA ARQUEOLÓGICA,https://servicios.jcyl.es/pweb/datosGIS.do?tipo=inmueble&numero=10652
365034,862,LA VILLA CON SU ENTORNO NATURAL,PROCEDIMIENTO DE DECLARACIÓN - BIC-DECLARADO 23/04/1976,"""1976-04-23T00:00:00.000Z""",931,CONJUNTO HISTÓRICO,https://servicios.jcyl.es/pweb/datosGIS.do?tipo=inmueble&numero=862
365035,1669,DETERMINADAS ZONAS DE LA CIUDAD,PROCEDIMIENTO DE DECLARACIÓN - BIC-DECLARADO 20/07/1967,"""1967-07-20T00:00:00.000Z""",931,CONJUNTO HISTÓRICO,https://servicios.jcyl.es/pweb/datosGIS.do?tipo=inmueble&numero=1669
365036,2023,LA VILLA,PROCEDIMIENTO DE DECLARACIÓN - BIC-DECLARADO 28/09/1983,"""1983-09-28T00:00:00.000Z""",931,CONJUNTO HISTÓRICO,https://servicios.jcyl.es/pweb/datosGIS.do?tipo=inmueble&numero=2023
365037,2251,LA VILLA,PROCEDIMIENTO DE DECLARACIÓN - BIC-DECLARADO 27/11/2003,"""2003-11-27T00:00:00.000Z""",931,CONJUNTO HISTÓRICO,https://servicios.jcyl.es/pweb/datosGIS.do?tipo=inmueble&numero=2251
365038,2287,CASTILLO DE HAZA,PROCEDIMIENTO DE DECLARACIÓN - ADECUACIÓN-DECLARADO 09/12/2010,"""2010-12-09T00:00:00.000Z""",933,MONUMENTO,https://servicios.jcyl.es/pweb/datosGIS.do?tipo=inmueble&numero=2287
365039,2440,IGLESIA DE SAN SATURNINO,PROCEDIMIENTO DE DECLARACIÓN - BIC-DECLARADO 28/05/1992,"""1992-05-28T00:00:00.000Z""",933,MONUMENTO,https://servicios.jcyl.es/pweb/datosGIS.do?tipo=inmueble&numero=2440
365040,4069,LA VILLA,PROCEDIMIENTO DE DECLARACIÓN - BIC-DECLARADO 03/06/1993,"""1993-06-03T00:00:00.000Z""",931,CONJUNTO HISTÓRICO,https://servicios.jcyl.es/pweb/datosGIS.do?tipo=inmueble&numero=4069
365041,6912,"VILLA ROMANA DE ""TEJADA""",PROCEDIMIENTO DE DECLARACIÓN - BIC-DECLARADO 13/06/1996,"""1996-06-13T00:00:00.000Z""",937,ZONA ARQUEOLÓGICA,https://servicios.jcyl.es/pweb/datosGIS.do?tipo=inmueble&numero=6912
365042,8455,LA VILLA,PROCEDIMIENTO DE DECLARACIÓN - BIC-DECLARADO 16/08/2012,"""2012-08-16T00:00:00.000Z""",931,CONJUNTO HISTÓRICO,https://servicios.jcyl.es/pweb/datosGIS.do?tipo=inmueble&numero=8455
365043,7832,MONTE BERNORIO,PROCEDIMIENTO DE DECLARACIÓN - BIC-DECLARADO 28/05/1992,"""1992-05-28T00:00:00.000Z""",937,ZONA ARQUEOLÓGICA,https://servicios.jcyl.es/pweb/datosGIS.do?tipo=inmueble&numero=7832
365044,16632,MONASTERIO DE SANTA MARÍA,PROCEDIMIENTO DE DECLARACIÓN - ENTORNO DE PROTECCIÓN-DECLARADO 10/01/2008,"""2008-01-10T00:00:00.000Z""",933,MONUMENTO,https://servicios.jcyl.es/pweb/datosGIS.do?tipo=inmueble&numero=16632
365045,4201,ERMITA DE SAN PANTALEON,PROCEDIMIENTO DE DECLARACIÓN - ADECUACIÓN-DECLARADO 14/05/2015,"""2015-05-14T00:00:00.000Z""",933,MONUMENTO,https://servicios.jcyl.es/pweb/datosGIS.do?tipo=inmueble&numero=4201
365046,5250,"CASTILLO DE ""EL TEMPLE""",PROCEDIMIENTO DE DECLARACIÓN - ENTORNO DE PROTECCIÓN-DECLARADO 22/04/1999,"""1999-04-22T00:00:00.000Z""",933,MONUMENTO,https://servicios.jcyl.es/pweb/datosGIS.do?tipo=inmueble&numero=5250
365047,7095,LA CIUDAD,PROCEDIMIENTO DE DECLARACIÓN - ADECUACIÓN-DECLARADO 13/01/2011,"""2011-01-13T00:00:00.000Z""",931,CONJUNTO HISTÓRICO,https://servicios.jcyl.es/pweb/datosGIS.do?tipo=inmueble&numero=7095
365048,16703,"CASTRO DE ""AS MURADELLAS""",PROCEDIMIENTO DE DECLARACIÓN - BIC-DECLARADO 24/11/1994,"""1994-11-24T00:00:00.000Z""",937,ZONA ARQUEOLÓGICA,https://servicios.jcyl.es/pweb/datosGIS.do?tipo=inmueble&numero=16703
365049,13690,LA VILLA,PROCEDIMIENTO DE DECLARACIÓN - BIC-DECLARADO 08/11/2007,"""2007-11-08T00:00:00.000Z""",931,CONJUNTO HISTÓRICO,https://servicios.jcyl.es/pweb/datosGIS.do?tipo=inmueble&numero=13690
365050,3468,"YACIMIENTO DE ""DEOBRIGULA""",PROCEDIMIENTO DE DECLARACIÓN - BIC-DECLARADO 07/12/1994,"""1994-12-07T00:00:00.000Z""",937,ZONA ARQUEOLÓGICA,https://servicios.jcyl.es/pweb/datosGIS.do?tipo=inmueble&numero=3468
365051,4564,LAS MEDULAS,PROCEDIMIENTO DE DECLARACIÓN - AMPLIACIÓN DECLARACIÓN-DECLARADO 26/07/2007,"""2007-07-26T00:00:00.000Z""",937,ZONA ARQUEOLÓGICA,https://servicios.jcyl.es/pweb/datosGIS.do?tipo=inmueble&numero=4564
365052,3536,LA VILLA,PROCEDIMIENTO DE DECLARACIÓN - BIC-DECLARADO 10/07/2008,"""2008-07-10T00:00:00.000Z""",931,CONJUNTO HISTÓRICO,https://servicios.jcyl.es/pweb/datosGIS.do?tipo=inmueble&numero=3536
365053,9346,LA VILLA,PROCEDIMIENTO DE DECLARACIÓN - BIC-DECLARADO 08/03/1973,"""1973-03-08T00:00:00.000Z""",931,CONJUNTO HISTÓRICO,https://servicios.jcyl.es/pweb/datosGIS.do?tipo=inmueble&numero=9346
365054,9351,LA VILLA,PROCEDIMIENTO DE DECLARACIÓN - BIC-DECLARADO 12/02/1998,"""1998-02-12T00:00:00.000Z""",931,CONJUNTO HISTÓRICO,https://servicios.jcyl.es/pweb/datosGIS.do?tipo=inmueble&numero=9351
365055,13639,ATALAYA DE HOJARACA O TORRE MELERO,PROCEDIMIENTO DE DECLARACIÓN - BIC-DECLARADO 23/01/2014,"""2014-01-23T00:00:00.000Z""",933,MONUMENTO,https://servicios.jcyl.es/pweb/datosGIS.do?tipo=inmueble&numero=13639
365056,12901,ATALAYA DE LA VERUELA,PROCEDIMIENTO DE DECLARACIÓN - BIC-DECLARADO 16/01/2014,"""2014-01-16T00:00:00.000Z""",933,MONUMENTO,https://servicios.jcyl.es/pweb/datosGIS.do?tipo=inmueble&numero=12901
365057,13435,CASA DE LA MEDIA NARANJA,PROCEDIMIENTO DE DECLARACIÓN - BIC-DECLARADO 05/09/1996,"""1996-09-05T00:00:00.000Z""",933,MONUMENTO,https://servicios.jcyl.es/pweb/datosGIS.do?tipo=inmueble&numero=13435
365058,11631,IGLESIA NUESTRA SEÑORA DE LAS VEGAS,PROCEDIMIENTO DE DECLARACIÓN - ENTORNO DE PROTECCIÓN-DECLARADO 15/05/1997,"""1997-05-15T00:00:00.000Z""",933,MONUMENTO,https://servicios.jcyl.es/pweb/datosGIS.do?tipo=inmueble&numero=11631
365059,6460,CASTILLO DE ASTUDILLO - LA MOTA,PROCEDIMIENTO DE DECLARACIÓN - ENTORNO DE PROTECCIÓN-DECLARADO 17/02/2005,"""2005-02-17T00:00:00.000Z""",933,MONUMENTO,https://servicios.jcyl.es/pweb/datosGIS.do?tipo=inmueble&numero=6460
365060,12403,CASTRO DE ZARRANZANO,PROCEDIMIENTO DE DECLARACIÓN - BIC-DECLARADO 18/08/2011,"""2011-08-18T00:00:00.000Z""",937,ZONA ARQUEOLÓGICA,https://servicios.jcyl.es/pweb/datosGIS.do?tipo=inmueble&numero=12403
365061,11727,CASA DEL SELLO DE PAÑOS,PROCEDIMIENTO DE DECLARACIÓN - BIC-DECLARADO 30/06/2022,"""2022-06-30T00:00:00.000Z""",933,MONUMENTO,https://servicios.jcyl.es/pweb/datosGIS.do?tipo=inmueble&numero=11727
365062,13587,LA VILLA,PROCEDIMIENTO DE DECLARACIÓN - BIC-DECLARADO 08/11/2001,"""2001-11-08T00:00:00.000Z""",931,CONJUNTO HISTÓRICO,https://servicios.jcyl.es/pweb/datosGIS.do?tipo=inmueble&numero=13587
365063,6807,IGLESIA DE SANTIAGO,PROCEDIMIENTO DE DECLARACIÓN - ENTORNO DE PROTECCIÓN-DECLARADO 27/04/2000,"""2000-04-27T00:00:00.000Z""",933,MONUMENTO,https://servicios.jcyl.es/pweb/datosGIS.do?tipo=inmueble&numero=6807
365064,6825,MONASTERIO DE SAN ZOILO,PROCEDIMIENTO DE DECLARACIÓN - ADECUACIÓN-DECLARADO 26/07/2012,"""2012-07-26T00:00:00.000Z""",933,MONUMENTO,https://servicios.jcyl.es/pweb/datosGIS.do?tipo=inmueble&numero=6825
365065,620,EL PUEBLO,PROCEDIMIENTO DE DECLARACIÓN - BIC-DECLARADO 04/05/1983,"""1983-05-04T00:00:00.000Z""",931,CONJUNTO HISTÓRICO,https://servicios.jcyl.es/pweb/datosGIS.do?tipo=inmueble&numero=620
365066,16564,IGLESIA DE LA INVENCION DE SAN ESTEBAN,PROCEDIMIENTO DE DECLARACIÓN - BIC-DECLARADO 26/09/2013,"""2013-09-26T00:00:00.000Z""",933,MONUMENTO,https://servicios.jcyl.es/pweb/datosGIS.do?tipo=inmueble&numero=16564
365067,815387,"VILLA ROMANA DE ""EL VERGEL""",PROCEDIMIENTO DE DECLARACIÓN - BIC-DECLARADO 11/02/2016,"""2016-02-11T00:00:00.000Z""",937,ZONA ARQUEOLÓGICA,https://servicios.jcyl.es/pweb/datosGIS.do?tipo=inmueble&numero=815387
365068,11060,RUINAS DEL CASTILLO,PROCEDIMIENTO DE DECLARACIÓN - ENTORNO DE PROTECCIÓN-DECLARADO 07/03/1996,"""1996-03-07T00:00:00.000Z""",933,MONUMENTO,https://servicios.jcyl.es/pweb/datosGIS.do?tipo=inmueble&numero=11060
365069,14257,IGLESIA DE NUESTRA SEÑORA DE LA ASUNCION,PROCEDIMIENTO DE DECLARACIÓN - BIC-DECLARADO 07/04/1993,"""1993-04-07T00:00:00.000Z""",933,MONUMENTO,https://servicios.jcyl.es/pweb/datosGIS.do?tipo=inmueble&numero=14257
365070,17262,EL CASCO ANTIGUO,PROCEDIMIENTO DE DECLARACIÓN - AMPLIACIÓN DECLARACIÓN-INCOADO 01/09/1979,"""1979-09-01T00:00:00.000Z""",931,CONJUNTO HISTÓRICO,https://servicios.jcyl.es/pweb/datosGIS.do?tipo=inmueble&numero=17262
365071,13848,EL CASCO ANTIGUO DE LA CIUDAD,PROCEDIMIENTO DE DECLARACIÓN - BIC-DECLARADO 24/06/1993,"""1993-06-24T00:00:00.000Z""",931,CONJUNTO HISTÓRICO,https://servicios.jcyl.es/pweb/datosGIS.do?tipo=inmueble&numero=13848
365072,15535,MONASTERIO DE SANTA MARIA,PROCEDIMIENTO DE DECLARACIÓN - ENTORNO DE PROTECCIÓN-DECLARADO 02/03/2000,"""2000-03-02T00:00:00.000Z""",933,MONUMENTO,https://servicios.jcyl.es/pweb/datosGIS.do?tipo=inmueble&numero=15535
365073,13969,PALACIO ANTIGUA AUDIENCIA PROVINCIAL,PROCEDIMIENTO DE DECLARACIÓN - BIC-DECLARADO 29/07/2021,"""2021-07-29T00:00:00.000Z""",933,MONUMENTO,https://servicios.jcyl.es/pweb/datosGIS.do?tipo=inmueble&numero=13969
365074,14910,LA VILLA,PROCEDIMIENTO DE DECLARACIÓN - BIC-DECLARADO 22/12/1980,"""1980-12-22T00:00:00.000Z""",931,CONJUNTO HISTÓRICO,https://servicios.jcyl.es/pweb/datosGIS.do?tipo=inmueble&numero=14910
365075,16786,"""EL CASTRO""",PROCEDIMIENTO DE DECLARACIÓN - BIC-DECLARADO 05/06/2014,"""2014-06-05T00:00:00.000Z""",937,ZONA ARQUEOLÓGICA,https://servicios.jcyl.es/pweb/datosGIS.do?tipo=inmueble&numero=16786
365076,16791,IGLESIA DE LA ASUNCIÓN,PROCEDIMIENTO DE DECLARACIÓN - ADECUACIÓN-DECLARADO 24/11/2011,"""2011-11-24T00:00:00.000Z""",933,MONUMENTO,https://servicios.jcyl.es/pweb/datosGIS.do?tipo=inmueble&numero=16791
365077,15224,IGLESIA DE SANTA MARIA DE  LA ASUNCION,PROCEDIMIENTO DE DECLARACIÓN - BIC-DECLARADO 17/10/2013,"""2013-10-17T00:00:00.000Z""",933,MONUMENTO,https://servicios.jcyl.es/pweb/datosGIS.do?tipo=inmueble&numero=15224
365078,15332,LA VILLA,PROCEDIMIENTO DE DECLARACIÓN - BIC-DECLARADO 21/11/1980,"""1980-11-21T00:00:00.000Z""",931,CONJUNTO HISTÓRICO,https://servicios.jcyl.es/pweb/datosGIS.do?tipo=inmueble&numero=15332
365079,16083,"PALACIO FABIO NELLI, MUSEO DE VALLADOLID",PROCEDIMIENTO DE DECLARACIÓN - ENTORNO DE PROTECCIÓN-DECLARADO 12/12/1996,"""1996-12-12T00:00:00.000Z""",933,MONUMENTO,https://servicios.jcyl.es/pweb/datosGIS.do?tipo=inmueble&numero=16083
365080,16319,IGLESIA DE SAN JUAN,PROCEDIMIENTO DE DECLARACIÓN - BIC-DECLARADO 17/12/2020,"""2020-12-17T00:00:00.000Z""",933,MONUMENTO,https://servicios.jcyl.es/pweb/datosGIS.do?tipo=inmueble&numero=16319
365081,17174,IGLESIA DE SANTO TOMAS,PROCEDIMIENTO DE DECLARACIÓN - BIC-DECLARADO 09/09/2021,"""2021-09-09T00:00:00.000Z""",933,MONUMENTO,https://servicios.jcyl.es/pweb/datosGIS.do?tipo=inmueble&numero=17174
365082,370865,SANTUARIO DE LA VIRGEN DEL CAMINO,PROCEDIMIENTO DE DECLARACIÓN - BIC-DECLARADO 19/07/2018,"""2018-07-19T00:00:00.000Z""",933,MONUMENTO,https://servicios.jcyl.es/pweb/datosGIS.do?tipo=inmueble&numero=370865
365083,539585,IGLESIA PARROQUIAL DE PUMAREJO DE TERA,PROCEDIMIENTO DE DECLARACIÓN - BIC-DECLARADO 07/07/2011,"""2011-07-07T00:00:00.000Z""",933,MONUMENTO,https://servicios.jcyl.es/pweb/datosGIS.do?tipo=inmueble&numero=539585
365084,2141,LA VILLA,PROCEDIMIENTO DE DECLARACIÓN - BIC-INCOADO 03/07/1972,"""1972-07-03T00:00:00.000Z""",931,CONJUNTO HISTÓRICO,https://servicios.jcyl.es/pweb/datosGIS.do?tipo=inmueble&numero=2141
365085,2833,LA CIUDAD,PROCEDIMIENTO DE DECLARACIÓN - BIC-DECLARADO 12/06/2008,"""2008-06-12T00:00:00.000Z""",931,CONJUNTO HISTÓRICO,https://servicios.jcyl.es/pweb/datosGIS.do?tipo=inmueble&numero=2833
365086,7687,CASTRO Y NECROPOLIS CELTIBERICOS,PROCEDIMIENTO DE DECLARACIÓN - BIC-DECLARADO 17/06/1992,"""1992-06-17T00:00:00.000Z""",937,ZONA ARQUEOLÓGICA,https://servicios.jcyl.es/pweb/datosGIS.do?tipo=inmueble&numero=7687
365087,5970,IGLESIA DE SANTA MARIA DE ARBAS,PROCEDIMIENTO DE DECLARACIÓN - ENTORNO DE PROTECCIÓN-DECLARADO 07/02/2008,"""2008-02-07T00:00:00.000Z""",933,MONUMENTO,https://servicios.jcyl.es/pweb/datosGIS.do?tipo=inmueble&numero=5970
365088,8325,"YACIMIENTO ""DOLMEN DE LA VELILLA""",PROCEDIMIENTO DE DECLARACIÓN - BIC-DECLARADO 27/01/1994,"""1994-01-27T00:00:00.000Z""",937,ZONA ARQUEOLÓGICA,https://servicios.jcyl.es/pweb/datosGIS.do?tipo=inmueble&numero=8325
365089,4887,DETERMINADAS ZONAS DE LA CIUDAD,PROCEDIMIENTO DE DECLARACIÓN - BIC-DECLARADO 05/09/1962,"""1962-09-05T00:00:00.000Z""",931,CONJUNTO HISTÓRICO,https://servicios.jcyl.es/pweb/datosGIS.do?tipo=inmueble&numero=4887
365090,4166,"VILLA ROMANA DE ""LOS CASAREJOS""",PROCEDIMIENTO DE DECLARACIÓN - BIC-DECLARADO 25/11/1993,"""1993-11-25T00:00:00.000Z""",937,ZONA ARQUEOLÓGICA,https://servicios.jcyl.es/pweb/datosGIS.do?tipo=inmueble&numero=4166
365091,4296,LA CIUDAD,PROCEDIMIENTO DE DECLARACIÓN - BIC-DECLARADO 27/01/1978,"""1978-01-27T00:00:00.000Z""",931,CONJUNTO HISTÓRICO,https://servicios.jcyl.es/pweb/datosGIS.do?tipo=inmueble&numero=4296
365092,7127,VILLA POSSIDICA O CERCADO DE SAN ISIDRO,PROCEDIMIENTO DE DECLARACIÓN - AMPLIACIÓN DECLARACIÓN-DECLARADO 06/04/1995,"""1995-04-06T00:00:00.000Z""",937,ZONA ARQUEOLÓGICA,https://servicios.jcyl.es/pweb/datosGIS.do?tipo=inmueble&numero=7127
365093,12638,LA VILLA,PROCEDIMIENTO DE DECLARACIÓN - BIC-DECLARADO 05/06/1981,"""1981-06-05T00:00:00.000Z""",931,CONJUNTO HISTÓRICO,https://servicios.jcyl.es/pweb/datosGIS.do?tipo=inmueble&numero=12638
365094,13243,LA VILLA,PROCEDIMIENTO DE DECLARACIÓN - ADECUACIÓN-DECLARADO 23/10/2008,"""2008-10-23T00:00:00.000Z""",931,CONJUNTO HISTÓRICO,https://servicios.jcyl.es/pweb/datosGIS.do?tipo=inmueble&numero=13243
365095,12702,IGLESIA DE SAN MARTIN,PROCEDIMIENTO DE DECLARACIÓN - BIC-DECLARADO 03/10/2013,"""2013-10-03T00:00:00.000Z""",933,MONUMENTO,https://servicios.jcyl.es/pweb/datosGIS.do?tipo=inmueble&numero=12702
365096,12085,LA VILLA,PROCEDIMIENTO DE DECLARACIÓN - BIC-DECLARADO 23/02/1951,"""1951-02-23T00:00:00.000Z""",931,CONJUNTO HISTÓRICO,https://servicios.jcyl.es/pweb/datosGIS.do?tipo=inmueble&numero=12085
365097,4309,LA VILLA,PROCEDIMIENTO DE DECLARACIÓN - BIC-DECLARADO 11/07/1980,"""1980-07-11T00:00:00.000Z""",931,CONJUNTO HISTÓRICO,https://servicios.jcyl.es/pweb/datosGIS.do?tipo=inmueble&numero=4309
365098,4442,"YACIMIENTO ARQUEOLOGICO ""LA EDRADA""",PROCEDIMIENTO DE DECLARACIÓN - BIC-DECLARADO 03/02/1994,"""1994-02-03T00:00:00.000Z""",937,ZONA ARQUEOLÓGICA,https://servicios.jcyl.es/pweb/datosGIS.do?tipo=inmueble&numero=4442
365099,5290,"CONJUNTO HISTORICO BARRIOS DE SALAS, VILLAR Y LOMBILLO",PROCEDIMIENTO DE DECLARACIÓN - BIC-DECLARADO 06/11/2014,"""2014-11-06T00:00:00.000Z""",931,CONJUNTO HISTÓRICO,https://servicios.jcyl.es/pweb/datosGIS.do?tipo=inmueble&numero=5290
365100,8051,EL PUEBLO,PROCEDIMIENTO DE DECLARACIÓN - BIC-DECLARADO 12/03/1998,"""1998-03-12T00:00:00.000Z""",931,CONJUNTO HISTÓRICO,https://servicios.jcyl.es/pweb/datosGIS.do?tipo=inmueble&numero=8051
365101,6365,CASTILLO,PROCEDIMIENTO DE DECLARACIÓN - ADECUACIÓN-DECLARADO 11/11/2010,"""2010-11-11T00:00:00.000Z""",933,MONUMENTO,https://servicios.jcyl.es/pweb/datosGIS.do?tipo=inmueble&numero=6365
365102,12750,CATEDRAL,PROCEDIMIENTO DE DECLARACIÓN - ENTORNO DE PROTECCIÓN-DECLARADO 22/04/1999,"""1999-04-22T00:00:00.000Z""",933,MONUMENTO,https://servicios.jcyl.es/pweb/datosGIS.do?tipo=inmueble&numero=12750
365103,4537,MONASTERIO DE SANTA MARIA DEL CARRIZO,PROCEDIMIENTO DE DECLARACIÓN - ENTORNO DE PROTECCIÓN-DECLARADO 06/10/1994,"""1994-10-06T00:00:00.000Z""",933,MONUMENTO,https://servicios.jcyl.es/pweb/datosGIS.do?tipo=inmueble&numero=4537
365104,5071,POBLADO ROMANO DE CORONA DE QUINTANILLA,PROCEDIMIENTO DE DECLARACIÓN - BIC-INCOADO 24/11/1980,"""1980-11-24T00:00:00.000Z""",937,ZONA ARQUEOLÓGICA,https://servicios.jcyl.es/pweb/datosGIS.do?tipo=inmueble&numero=5071
365105,3547,"YACIMIENTO ROMANO DE ""CIELLA""",PROCEDIMIENTO DE DECLARACIÓN - BIC-DECLARADO 18/05/1995,"""1995-05-18T00:00:00.000Z""",937,ZONA ARQUEOLÓGICA,https://servicios.jcyl.es/pweb/datosGIS.do?tipo=inmueble&numero=3547
365106,10032,MERCADO DE SAN JUAN,PROCEDIMIENTO DE DECLARACIÓN - BIC-DECLARADO 24/02/2022,"""2022-02-24T00:00:00.000Z""",933,MONUMENTO,https://servicios.jcyl.es/pweb/datosGIS.do?tipo=inmueble&numero=10032
365107,8641,FUERTE DE LA CONCEPCION,PROCEDIMIENTO DE DECLARACIÓN - BIC-DECLARADO 06/08/1992,"""1992-08-06T00:00:00.000Z""",933,MONUMENTO,https://servicios.jcyl.es/pweb/datosGIS.do?tipo=inmueble&numero=8641
365108,13602,IGLESIA DE NUESTRA SEÑORA DE LOS ANGELES,PROCEDIMIENTO DE DECLARACIÓN - BIC-DECLARADO 23/12/1993,"""1993-12-23T00:00:00.000Z""",933,MONUMENTO,https://servicios.jcyl.es/pweb/datosGIS.do?tipo=inmueble&numero=13602
365109,12908,ATALAYA DE TIÑON,PROCEDIMIENTO DE DECLARACIÓN - BIC-DECLARADO 23/01/2014,"""2014-01-23T00:00:00.000Z""",933,MONUMENTO,https://servicios.jcyl.es/pweb/datosGIS.do?tipo=inmueble&numero=12908
365110,12946,LA VILLA,PROCEDIMIENTO DE DECLARACIÓN - BIC-DECLARADO 07/05/2009,"""2009-05-07T00:00:00.000Z""",931,CONJUNTO HISTÓRICO,https://servicios.jcyl.es/pweb/datosGIS.do?tipo=inmueble&numero=12946
365111,567,TORREON DE LOS GUZMANES,PROCEDIMIENTO DE DECLARACIÓN - ENTORNO DE PROTECCIÓN-DECLARADO 26/09/1991,"""1991-09-26T00:00:00.000Z""",933,MONUMENTO,https://servicios.jcyl.es/pweb/datosGIS.do?tipo=inmueble&numero=567
365112,273,IGLESIA CONVENTO DE SANTA TERESA,PROCEDIMIENTO DE DECLARACIÓN - ENTORNO DE PROTECCIÓN-DECLARADO 13/06/1991,"""1991-06-13T00:00:00.000Z""",933,MONUMENTO,https://servicios.jcyl.es/pweb/datosGIS.do?tipo=inmueble&numero=273
365113,16557,IGLESIA DE SAN NICOLÁS,PROCEDIMIENTO DE DECLARACIÓN - BIC-DECLARADO 30/06/2022,"""2022-06-30T00:00:00.000Z""",933,MONUMENTO,https://servicios.jcyl.es/pweb/datosGIS.do?tipo=inmueble&numero=16557
365114,13147,ERMITA DE SAN MIGUEL DE GORMAZ,PROCEDIMIENTO DE DECLARACIÓN - BIC-DECLARADO 03/10/1996,"""1996-10-03T00:00:00.000Z""",933,MONUMENTO,https://servicios.jcyl.es/pweb/datosGIS.do?tipo=inmueble&numero=13147
365115,11123,TORRE DE LOS MERCADO-PEÑALOSA,PROCEDIMIENTO DE DECLARACIÓN - BIC-DECLARADO 29/02/1996,"""1996-02-29T00:00:00.000Z""",933,MONUMENTO,https://servicios.jcyl.es/pweb/datosGIS.do?tipo=inmueble&numero=11123
365116,15391,CERRO DE LA ERMITA,PROCEDIMIENTO DE DECLARACIÓN - BIC-DECLARADO 17/02/1994,"""1994-02-17T00:00:00.000Z""",937,ZONA ARQUEOLÓGICA,https://servicios.jcyl.es/pweb/datosGIS.do?tipo=inmueble&numero=15391
365117,105450,LOS VILLARES,PROCEDIMIENTO DE DECLARACIÓN - BIC-DECLARADO 22/04/1996,"""1996-04-22T00:00:00.000Z""",937,ZONA ARQUEOLÓGICA,https://servicios.jcyl.es/pweb/datosGIS.do?tipo=inmueble&numero=105450
365118,14386,VILLA ROMANA EN ALMENARA DE ADAJA Y PURAS,PROCEDIMIENTO DE DECLARACIÓN - BIC-DECLARADO 20/01/1994,"""1994-01-20T00:00:00.000Z""",937,ZONA ARQUEOLÓGICA,https://servicios.jcyl.es/pweb/datosGIS.do?tipo=inmueble&numero=14386
365119,14477,"YACIMIENTO ""LA ERMITA-LAS ARENAS""",PROCEDIMIENTO DE DECLARACIÓN - BIC-INCOADO 01/12/1987,"""1987-12-01T00:00:00.000Z""",937,ZONA ARQUEOLÓGICA,https://servicios.jcyl.es/pweb/datosGIS.do?tipo=inmueble&numero=14477
365120,15801,FACHADAS PALACIO DE LOS MARQUESES DE VALVERDE,PROCEDIMIENTO DE DECLARACIÓN - BIC-DECLARADO 10/04/1997,"""1997-04-10T00:00:00.000Z""",933,MONUMENTO,https://servicios.jcyl.es/pweb/datosGIS.do?tipo=inmueble&numero=15801
365121,16763,EL PUEBLO,PROCEDIMIENTO DE DECLARACIÓN - BIC-DECLARADO 26/06/2008,"""2008-06-26T00:00:00.000Z""",930,CONJUNTO ETNOLÓGICO,https://servicios.jcyl.es/pweb/datosGIS.do?tipo=inmueble&numero=16763
365122,16042,PALACIO DEL LICENCIADO BUTRON,PROCEDIMIENTO DE DECLARACIÓN - BIC-DECLARADO 08/08/1991,"""1991-08-08T00:00:00.000Z""",933,MONUMENTO,https://servicios.jcyl.es/pweb/datosGIS.do?tipo=inmueble&numero=16042
365123,15230,LA VILLA,PROCEDIMIENTO DE DECLARACIÓN - BIC-DECLARADO 01/06/2006,"""2006-06-01T00:00:00.000Z""",931,CONJUNTO HISTÓRICO,https://servicios.jcyl.es/pweb/datosGIS.do?tipo=inmueble&numero=15230
365124,15236,IGLESIA DE SAN CEBRIÁN,PROCEDIMIENTO DE DECLARACIÓN - ENTORNO DE PROTECCIÓN-INCOADO 09/04/2003,"""2003-04-09T00:00:00.000Z""",933,MONUMENTO,https://servicios.jcyl.es/pweb/datosGIS.do?tipo=inmueble&numero=15236
365125,15957,IGLESIA NUESTRA SEÑORA DEL PILAR,PROCEDIMIENTO DE DECLARACIÓN - BIC-INCOADO 29/06/1983,"""1983-06-29T00:00:00.000Z""",933,MONUMENTO,https://servicios.jcyl.es/pweb/datosGIS.do?tipo=inmueble&numero=15957
365126,14685,IGLESIA DE SAN MIGUEL ARCANGEL,PROCEDIMIENTO DE DECLARACIÓN - BIC-DECLARADO 17/10/2013,"""2013-10-17T00:00:00.000Z""",933,MONUMENTO,https://servicios.jcyl.es/pweb/datosGIS.do?tipo=inmueble&numero=14685
365127,15677,CASCO ANTIGUO DE LA CIUDAD DE VALLADOLID,PROCEDIMIENTO DE DECLARACIÓN - BIC-DECLARADO 15/07/1978,"""1978-07-15T00:00:00.000Z""",931,CONJUNTO HISTÓRICO,https://servicios.jcyl.es/pweb/datosGIS.do?tipo=inmueble&numero=15677
365128,13727,LA VILLA,PROCEDIMIENTO DE DECLARACIÓN - BIC-DECLARADO 21/09/1995,"""1995-09-21T00:00:00.000Z""",931,CONJUNTO HISTÓRICO,https://servicios.jcyl.es/pweb/datosGIS.do?tipo=inmueble&numero=13727
365129,15350,SEPULCRO MEGALITICO DE LOS ZUMACALES,PROCEDIMIENTO DE DECLARACIÓN - BIC-DECLARADO 11/02/2021,"""2021-02-11T00:00:00.000Z""",937,ZONA ARQUEOLÓGICA,https://servicios.jcyl.es/pweb/datosGIS.do?tipo=inmueble&numero=15350
365130,16101,PALACIO REAL,PROCEDIMIENTO DE DECLARACIÓN - BIC-DECLARADO 18/06/1999,"""1999-06-18T00:00:00.000Z""",933,MONUMENTO,https://servicios.jcyl.es/pweb/datosGIS.do?tipo=inmueble&numero=16101
365131,16326,IGLESIA DE SAN MIGUEL,PROCEDIMIENTO DE DECLARACIÓN - BIC-DECLARADO 17/12/2020,"""2020-12-17T00:00:00.000Z""",933,MONUMENTO,https://servicios.jcyl.es/pweb/datosGIS.do?tipo=inmueble&numero=16326
365132,17035,IGLESIA DE SAN SALVADOR DE LOS CABALLEROS,PROCEDIMIENTO DE DECLARACIÓN - ADECUACIÓN-DECLARADO 26/07/2012,"""2012-07-26T00:00:00.000Z""",933,MONUMENTO,https://servicios.jcyl.es/pweb/datosGIS.do?tipo=inmueble&numero=17035
365133,17049,LA CIUDAD,PROCEDIMIENTO DE DECLARACIÓN - BIC-DECLARADO 24/10/1963,"""1963-10-24T00:00:00.000Z""",931,CONJUNTO HISTÓRICO,https://servicios.jcyl.es/pweb/datosGIS.do?tipo=inmueble&numero=17049
365134,17086,IGLESIA DE SAN ANDRES APOSTOL O VIRGEN DE LA PAZ,PROCEDIMIENTO DE DECLARACIÓN - BIC-DECLARADO 26/09/2013,"""2013-09-26T00:00:00.000Z""",933,MONUMENTO,https://servicios.jcyl.es/pweb/datosGIS.do?tipo=inmueble&numero=17086
365135,16928,IGLESIA PARROQUIAL DE SAN JUAN BAUTISTA,PROCEDIMIENTO DE DECLARACIÓN - BIC-DECLARADO 11/12/2014,"""2014-12-11T00:00:00.000Z""",933,MONUMENTO,https://servicios.jcyl.es/pweb/datosGIS.do?tipo=inmueble&numero=16928
365136,277584,"CERCO, EL",PROCEDIMIENTO DE DECLARACIÓN - BIC-DECLARADO 13/06/2013,"""2013-06-13T00:00:00.000Z""",937,ZONA ARQUEOLÓGICA,https://servicios.jcyl.es/pweb/datosGIS.do?tipo=inmueble&numero=277584
365137,10320,LA VILLA,PROCEDIMIENTO DE DECLARACIÓN - BIC-DECLARADO 01/07/2004,"""2004-07-01T00:00:00.000Z""",931,CONJUNTO HISTÓRICO,https://servicios.jcyl.es/pweb/datosGIS.do?tipo=inmueble&numero=10320
365138,720,DESPOBLADO DE LAS COGOTAS,PROCEDIMIENTO DE DECLARACIÓN - ADECUACIÓN-DECLARADO 30/04/2009,"""2009-04-30T00:00:00.000Z""",937,ZONA ARQUEOLÓGICA,https://servicios.jcyl.es/pweb/datosGIS.do?tipo=inmueble&numero=720
365139,1543,COLEGIATA DE SANTA MARÍA LA MAYOR,PROCEDIMIENTO DE DECLARACIÓN - BIC-DECLARADO 26/03/1992,"""1992-03-26T00:00:00.000Z""",933,MONUMENTO,https://servicios.jcyl.es/pweb/datosGIS.do?tipo=inmueble&numero=1543
365140,1583,LA CIUDAD,PROCEDIMIENTO DE DECLARACIÓN - BIC-DECLARADO 14/01/2021,"""2021-01-14T00:00:00.000Z""",931,CONJUNTO HISTÓRICO,https://servicios.jcyl.es/pweb/datosGIS.do?tipo=inmueble&numero=1583
365141,2336,LA VILLA,PROCEDIMIENTO DE DECLARACIÓN - BIC-DECLARADO 18/03/2021,"""2021-03-18T00:00:00.000Z""",931,CONJUNTO HISTÓRICO,https://servicios.jcyl.es/pweb/datosGIS.do?tipo=inmueble&numero=2336
365142,2554,YACIMIENTO DE ICNITAS DE DINOSAURIOS EN CASTILLA Y LEON,PROCEDIMIENTO DE DECLARACIÓN - BIC-DECLARADO 05/05/2005,"""2005-05-05T00:00:00.000Z""",937,ZONA ARQUEOLÓGICA,https://servicios.jcyl.es/pweb/datosGIS.do?tipo=inmueble&numero=2554
365143,3062,LA VILLA,PROCEDIMIENTO DE DECLARACIÓN - BIC-DECLARADO 04/02/2010,"""2010-02-04T00:00:00.000Z""",931,CONJUNTO HISTÓRICO,https://servicios.jcyl.es/pweb/datosGIS.do?tipo=inmueble&numero=3062
365144,3172,YACIMIENTO DE REVENGA,PROCEDIMIENTO DE DECLARACIÓN - BIC-DECLARADO 18/08/2011,"""2011-08-18T00:00:00.000Z""",937,ZONA ARQUEOLÓGICA,https://servicios.jcyl.es/pweb/datosGIS.do?tipo=inmueble&numero=3172
365145,7694,RECINTO URBANO DE LA VILLA,PROCEDIMIENTO DE DECLARACIÓN - BIC-DECLARADO 23/07/1966,"""1966-07-23T00:00:00.000Z""",931,CONJUNTO HISTÓRICO,https://servicios.jcyl.es/pweb/datosGIS.do?tipo=inmueble&numero=7694
365146,7767,"YACIMIENTO ""LA OLMEDA""",PROCEDIMIENTO DE DECLARACIÓN - BIC-DECLARADO 03/04/1996,"""1996-04-03T00:00:00.000Z""",937,ZONA ARQUEOLÓGICA,https://servicios.jcyl.es/pweb/datosGIS.do?tipo=inmueble&numero=7767
365147,3181,VIVAR DEL CID,PROCEDIMIENTO DE DECLARACIÓN - BIC-DECLARADO 25/08/1993,"""1993-08-25T00:00:00.000Z""",935,SITIO HISTÓRICO,https://servicios.jcyl.es/pweb/datosGIS.do?tipo=inmueble&numero=3181
365148,3671,LA VILLA,PROCEDIMIENTO DE DECLARACIÓN - BIC-DECLARADO 03/06/2021,"""2021-06-03T00:00:00.000Z""",931,CONJUNTO HISTÓRICO,https://servicios.jcyl.es/pweb/datosGIS.do?tipo=inmueble&numero=3671
365149,6157,EL PUEBLO,PROCEDIMIENTO DE DECLARACIÓN - BIC-DECLARADO 03/12/2020,"""2020-12-03T00:00:00.000Z""",931,CONJUNTO HISTÓRICO,https://servicios.jcyl.es/pweb/datosGIS.do?tipo=inmueble&numero=6157
365150,3366,DOLMEN LA CABAÑA,PROCEDIMIENTO DE DECLARACIÓN - BIC-DECLARADO 25/08/1993,"""1993-08-25T00:00:00.000Z""",937,ZONA ARQUEOLÓGICA,https://servicios.jcyl.es/pweb/datosGIS.do?tipo=inmueble&numero=3366
365151,3869,LA VILLA,PROCEDIMIENTO DE DECLARACIÓN - BIC-DECLARADO 10/06/2021,"""2021-06-10T00:00:00.000Z""",931,CONJUNTO HISTÓRICO,https://servicios.jcyl.es/pweb/datosGIS.do?tipo=inmueble&numero=3869
365152,4454,EL CASTRO DE LA VENTOSA,PROCEDIMIENTO DE DECLARACIÓN - AMPLIACIÓN DECLARACIÓN-DECLARADO 01/06/2006,"""2006-06-01T00:00:00.000Z""",937,ZONA ARQUEOLÓGICA,https://servicios.jcyl.es/pweb/datosGIS.do?tipo=inmueble&numero=4454
365153,9855,FACHADAS DEL PALACIO DE GARCI-GRANDE,PROCEDIMIENTO DE DECLARACIÓN - ENTORNO DE PROTECCIÓN-DECLARADO 22/04/1999,"""1999-04-22T00:00:00.000Z""",933,MONUMENTO,https://servicios.jcyl.es/pweb/datosGIS.do?tipo=inmueble&numero=9855
365154,9168,"YACIMIENTO DEL DOLMEN DE ""LA ERMITA""",PROCEDIMIENTO DE DECLARACIÓN - BIC-DECLARADO 04/07/1996,"""1996-07-04T00:00:00.000Z""",937,ZONA ARQUEOLÓGICA,https://servicios.jcyl.es/pweb/datosGIS.do?tipo=inmueble&numero=9168
365155,12800,ATALAYA DE UXAMA,PROCEDIMIENTO DE DECLARACIÓN - BIC-DECLARADO 09/01/2014,"""2014-01-09T00:00:00.000Z""",933,MONUMENTO,https://servicios.jcyl.es/pweb/datosGIS.do?tipo=inmueble&numero=12800
365156,12845,IGLESIA DE SANTA MARÍA MAGDALENA,PROCEDIMIENTO DE DECLARACIÓN - BIC-DECLARADO 03/10/2013,"""2013-10-03T00:00:00.000Z""",933,MONUMENTO,https://servicios.jcyl.es/pweb/datosGIS.do?tipo=inmueble&numero=12845
365157,3971,LA VILLA DE SALAZAR,PROCEDIMIENTO DE DECLARACIÓN - BIC-DECLARADO 27/04/2006,"""2006-04-27T00:00:00.000Z""",931,CONJUNTO HISTÓRICO,https://servicios.jcyl.es/pweb/datosGIS.do?tipo=inmueble&numero=3971
365158,13557,ATALAYA DE MOSAREJOS,PROCEDIMIENTO DE DECLARACIÓN - BIC-DECLARADO 23/01/2014,"""2014-01-23T00:00:00.000Z""",933,MONUMENTO,https://servicios.jcyl.es/pweb/datosGIS.do?tipo=inmueble&numero=13557
365159,12345,TORRE DE LA SENDA,PROCEDIMIENTO DE DECLARACIÓN - BIC-INCOADO 23/05/1983,"""1983-05-23T00:00:00.000Z""",933,MONUMENTO,https://servicios.jcyl.es/pweb/datosGIS.do?tipo=inmueble&numero=12345
365160,12362,TORRE Y PALACIO MEDIEVAL,PROCEDIMIENTO DE DECLARACIÓN - BIC-DECLARADO 15/09/2016,"""2016-09-15T00:00:00.000Z""",933,MONUMENTO,https://servicios.jcyl.es/pweb/datosGIS.do?tipo=inmueble&numero=12362
365161,12958,"LOS TOLMOS, YACIMIENTO DEL BRONCE FINAL",PROCEDIMIENTO DE DECLARACIÓN - BIC-INCOADO 24/11/1980,"""1980-11-24T00:00:00.000Z""",937,ZONA ARQUEOLÓGICA,https://servicios.jcyl.es/pweb/datosGIS.do?tipo=inmueble&numero=12958
365162,11663,RUINAS C. NUESTRA SEÑORA ANGELES DE LA HOZ,PROCEDIMIENTO DE DECLARACIÓN - BIC-DECLARADO 13/09/2012,"""2012-09-13T00:00:00.000Z""",933,MONUMENTO,https://servicios.jcyl.es/pweb/datosGIS.do?tipo=inmueble&numero=11663
365163,7353,YACIMIENTO ARQUEOLOGICO,PROCEDIMIENTO DE DECLARACIÓN - BIC-DECLARADO 22/04/1993,"""1993-04-22T00:00:00.000Z""",937,ZONA ARQUEOLÓGICA,https://servicios.jcyl.es/pweb/datosGIS.do?tipo=inmueble&numero=7353
365164,8137,IGLESIA DE SANTA MARIA LA BLANCA (SEPULCROS),PROCEDIMIENTO DE DECLARACIÓN - ENTORNO DE PROTECCIÓN-DECLARADO 26/09/1997,"""1997-09-26T00:00:00.000Z""",933,MONUMENTO,https://servicios.jcyl.es/pweb/datosGIS.do?tipo=inmueble&numero=8137
365165,6466,CONVENTO DE SANTA CLARA,PROCEDIMIENTO DE DECLARACIÓN - ENTORNO DE PROTECCIÓN-DECLARADO 17/02/2005,"""2005-02-17T00:00:00.000Z""",933,MONUMENTO,https://servicios.jcyl.es/pweb/datosGIS.do?tipo=inmueble&numero=6466
365166,5615,LA VILLA,PROCEDIMIENTO DE DECLARACIÓN - BIC-DECLARADO 12/06/2008,"""2008-06-12T00:00:00.000Z""",931,CONJUNTO HISTÓRICO,https://servicios.jcyl.es/pweb/datosGIS.do?tipo=inmueble&numero=5615
365167,13117,LA LOCALIDAD,PROCEDIMIENTO DE DECLARACIÓN - BIC-DECLARADO 19/10/2006,"""2006-10-19T00:00:00.000Z""",930,CONJUNTO ETNOLÓGICO,https://servicios.jcyl.es/pweb/datosGIS.do?tipo=inmueble&numero=13117
365168,6786,IGLESIA DE SANTA MARIA,PROCEDIMIENTO DE DECLARACIÓN - ENTORNO DE PROTECCIÓN-DECLARADO 27/04/2000,"""2000-04-27T00:00:00.000Z""",933,MONUMENTO,https://servicios.jcyl.es/pweb/datosGIS.do?tipo=inmueble&numero=6786
365169,509,PALACIO DE LOS VERDUGO,PROCEDIMIENTO DE DECLARACIÓN - ENTORNO DE PROTECCIÓN-DECLARADO 29/08/1991,"""1991-08-29T00:00:00.000Z""",933,MONUMENTO,https://servicios.jcyl.es/pweb/datosGIS.do?tipo=inmueble&numero=509
365170,5,CANAL DE CASTILLA,PROCEDIMIENTO DE DECLARACIÓN - BIC-DECLARADO 13/06/1991,"""1991-06-13T00:00:00.000Z""",931,CONJUNTO HISTÓRICO,https://servicios.jcyl.es/pweb/datosGIS.do?tipo=inmueble&numero=5
365171,119,LA PARTE ANTIGUA DE LA CIUDAD,PROCEDIMIENTO DE DECLARACIÓN - BIC-DECLARADO 21/03/1970,"""1970-03-21T00:00:00.000Z""",931,CONJUNTO HISTÓRICO,https://servicios.jcyl.es/pweb/datosGIS.do?tipo=inmueble&numero=119
365172,300,IGLESIA DE SAN NICOLAS,PROCEDIMIENTO DE DECLARACIÓN - ENTORNO DE PROTECCIÓN-DECLARADO 01/08/1991,"""1991-08-01T00:00:00.000Z""",933,MONUMENTO,https://servicios.jcyl.es/pweb/datosGIS.do?tipo=inmueble&numero=300
365173,347,IGLESIA PARROQUIAL DE SANTIAGO,PROCEDIMIENTO DE DECLARACIÓN - ENTORNO DE PROTECCIÓN-DECLARADO 13/06/1991,"""1991-06-13T00:00:00.000Z""",933,MONUMENTO,https://servicios.jcyl.es/pweb/datosGIS.do?tipo=inmueble&numero=347
365174,416,MONASTERIO DE LA ENCARNACION,PROCEDIMIENTO DE DECLARACIÓN - ENTORNO DE PROTECCIÓN-DECLARADO 30/07/1998,"""1998-07-30T00:00:00.000Z""",933,MONUMENTO,https://servicios.jcyl.es/pweb/datosGIS.do?tipo=inmueble&numero=416
365175,439,"MUSEO PROVINCIAL DE BELLAS ARTES, MUSEO DE ÁVILA",PROCEDIMIENTO DE DECLARACIÓN - ENTORNO DE PROTECCIÓN-DECLARADO 26/09/1991,"""1991-09-26T00:00:00.000Z""",933,MONUMENTO,https://servicios.jcyl.es/pweb/datosGIS.do?tipo=inmueble&numero=439
365176,464,PALACIO DE LOS AGUILA,PROCEDIMIENTO DE DECLARACIÓN - ENTORNO DE PROTECCIÓN-DECLARADO 29/08/1991,"""1991-08-29T00:00:00.000Z""",933,MONUMENTO,https://servicios.jcyl.es/pweb/datosGIS.do?tipo=inmueble&numero=464
365177,16486,YACIMIENTO EL CASTRO,PROCEDIMIENTO DE DECLARACIÓN - BIC-DECLARADO 07/04/1994,"""1994-04-07T00:00:00.000Z""",937,ZONA ARQUEOLÓGICA,https://servicios.jcyl.es/pweb/datosGIS.do?tipo=inmueble&numero=16486
365178,16505,CASA NOBLE EN C/ DE LA PLATA Nº 51,PROCEDIMIENTO DE DECLARACIÓN - BIC-DECLARADO 06/06/1991,"""1991-06-06T00:00:00.000Z""",933,MONUMENTO,https://servicios.jcyl.es/pweb/datosGIS.do?tipo=inmueble&numero=16505
365179,818898,CONJUNTO DE BODEGAS  DE TORQUEMADA,PROCEDIMIENTO DE DECLARACIÓN - BIC-DECLARADO 10/12/2015,"""2015-12-10T00:00:00.000Z""",930,CONJUNTO ETNOLÓGICO,https://servicios.jcyl.es/pweb/datosGIS.do?tipo=inmueble&numero=818898
365180,805168,CONJUNTO DE BODEGAS DE ARANDA DE DUERO,PROCEDIMIENTO DE DECLARACIÓN - BIC-DECLARADO 25/06/2015,"""2015-06-25T00:00:00.000Z""",930,CONJUNTO ETNOLÓGICO,https://servicios.jcyl.es/pweb/datosGIS.do?tipo=inmueble&numero=805168
365181,926557,PALACIO DE LA MOSQUERA O PALACIO DEL INFANTE DON LUIS DE BORBON,PROCEDIMIENTO DE DECLARACIÓN - BIC-DECLARADO 16/08/2012,"""2012-08-16T00:00:00.000Z""",933,MONUMENTO,https://servicios.jcyl.es/pweb/datosGIS.do?tipo=inmueble&numero=926557
365182,12566,IGLESIA DE SAN MARTIN,PROCEDIMIENTO DE DECLARACIÓN - BIC-DECLARADO 21/05/2015,"""2015-05-21T00:00:00.000Z""",933,MONUMENTO,https://servicios.jcyl.es/pweb/datosGIS.do?tipo=inmueble&numero=12566
365183,12574,ATALAYA DE TAINA DE LA HOZ,PROCEDIMIENTO DE DECLARACIÓN - BIC-DECLARADO 09/01/2014,"""2014-01-09T00:00:00.000Z""",933,MONUMENTO,https://servicios.jcyl.es/pweb/datosGIS.do?tipo=inmueble&numero=12574
365184,11934,PALACIO DE SAN MARTIN O DE ENRIQUE IV O DE LA REINA DOÑA JUANA,PROCEDIMIENTO DE DECLARACIÓN - BIC-DECLARADO 28/07/2005,"""2005-07-28T00:00:00.000Z""",933,MONUMENTO,https://servicios.jcyl.es/pweb/datosGIS.do?tipo=inmueble&numero=11934
365185,13768,MONASTERIO DE SANTA MARIA,PROCEDIMIENTO DE DECLARACIÓN - ENTORNO DE PROTECCIÓN-DECLARADO 13/03/2008,"""2008-03-13T00:00:00.000Z""",933,MONUMENTO,https://servicios.jcyl.es/pweb/datosGIS.do?tipo=inmueble&numero=13768
365186,14810,LA CIUDAD,PROCEDIMIENTO DE DECLARACIÓN - BIC-DECLARADO 14/10/1978,"""1978-10-14T00:00:00.000Z""",931,CONJUNTO HISTÓRICO,https://servicios.jcyl.es/pweb/datosGIS.do?tipo=inmueble&numero=14810
365187,15525,LA VILLA CON IGLESIA DE LA ANUNCIADA,PROCEDIMIENTO DE DECLARACIÓN - BIC-DECLARADO 07/11/1975,"""1975-11-07T00:00:00.000Z""",931,CONJUNTO HISTÓRICO,https://servicios.jcyl.es/pweb/datosGIS.do?tipo=inmueble&numero=15525
365188,13982,PALACIO DE LOS CONDES DE GOMARA,PROCEDIMIENTO DE DECLARACIÓN - ENTORNO DE PROTECCIÓN-DECLARADO 13/01/2000,"""2000-01-13T00:00:00.000Z""",933,MONUMENTO,https://servicios.jcyl.es/pweb/datosGIS.do?tipo=inmueble&numero=13982
365189,15784,FACHADA Y ATRIO DE LA UNIVERSIDAD,PROCEDIMIENTO DE DECLARACIÓN - BIC-DECLARADO 24/10/1996,"""1996-10-24T00:00:00.000Z""",933,MONUMENTO,https://servicios.jcyl.es/pweb/datosGIS.do?tipo=inmueble&numero=15784
365190,16773,CASTRO Y CISTERNAS ROMANAS DEL TESO MORA,PROCEDIMIENTO DE DECLARACIÓN - BIC-DECLARADO 04/02/2021,"""2021-02-04T00:00:00.000Z""",937,ZONA ARQUEOLÓGICA,https://servicios.jcyl.es/pweb/datosGIS.do?tipo=inmueble&numero=16773
365191,15103,PLAZA DEL COSO,PROCEDIMIENTO DE DECLARACIÓN - BIC-DECLARADO 25/03/1999,"""1999-03-25T00:00:00.000Z""",933,MONUMENTO,https://servicios.jcyl.es/pweb/datosGIS.do?tipo=inmueble&numero=15103
365192,16108,PASAJE GUTIERREZ,PROCEDIMIENTO DE DECLARACIÓN - BIC-DECLARADO 10/12/1998,"""1998-12-10T00:00:00.000Z""",933,MONUMENTO,https://servicios.jcyl.es/pweb/datosGIS.do?tipo=inmueble&numero=16108
365193,17079,"CASTRO DE ""EL PEDROSO""",PROCEDIMIENTO DE DECLARACIÓN - BIC-DECLARADO 02/07/2009,"""2009-07-02T00:00:00.000Z""",937,ZONA ARQUEOLÓGICA,https://servicios.jcyl.es/pweb/datosGIS.do?tipo=inmueble&numero=17079
365194,17092,RUINAS DEL SANTUARIO NUESTRA SEÑORA DEL VALLE,PROCEDIMIENTO DE DECLARACIÓN - BIC-DECLARADO 24/02/2022,"""2022-02-24T00:00:00.000Z""",933,MONUMENTO,https://servicios.jcyl.es/pweb/datosGIS.do?tipo=inmueble&numero=17092
365195,16212,CASTILLO DE VILLAFUERTE DE ESGUEVA,PROCEDIMIENTO DE DECLARACIÓN - ENTORNO DE PROTECCIÓN-DECLARADO 13/02/1997,"""1997-02-13T00:00:00.000Z""",933,MONUMENTO,https://servicios.jcyl.es/pweb/datosGIS.do?tipo=inmueble&numero=16212